2026-08-15 02:04:15 INFO            _                _                      
2026-08-15 02:04:15 INFO           / \   ___ ___ ___| | ___ _ __ __ _ _   _ 
2026-08-15 02:04:15 INFO          / _ \ / __/ __/ _ \ |/ _ \ '__/ _` | | | |
2026-08-15 02:04:15 INFO         / ___ \ (_| (_|  __/ |  __/ | | (_| | |_| |
2026-08-15 02:04:15 INFO        /_/   \_\___\___\___|_|\___|_|  \__, |\__, |
2026-08-15 02:04:15 INFO                                        |___/ |___/ 
2026-08-15 02:04:15 INFO        generating outputs according to the following specified output flags... 
2026-08-15 02:04:15 INFO         Please use the -f flag to update the preference (default to all output files)
2026-08-15 02:04:15 INFO        {'ERT': 1, 'ERT_summary': 1, 'ART': 1, 'ART_summary': 1, 'energy_estimation': 1, 'flattened_arch': 1}
2026-08-15 02:04:15 INFO        Located config file at ./accelergy_config.yaml.
2026-08-15 02:04:15 INFO        config file located:
2026-08-15 02:04:15 INFO        ./accelergy_config.yaml
2026-08-15 02:04:15 INFO        Parsing file input.yaml for architecture info
2026-08-15 02:04:15 INFO        Parsing file input.yaml for compound_components info
2026-08-15 02:04:15 INFO        Calculated Architecture class smartbuffer_SRAM attributes"memory_width" as "max(32, width)" = 64.
2026-08-15 02:04:15 INFO        Calculated Architecture class smartbuffer_SRAM attributes"memory_depth" as "max(64, depth)" = 262144.
2026-08-15 02:04:15 INFO        Calculated Architecture class smartbuffer_SRAM attributes"widthscale" as "width / memory_width" = 1.0.
2026-08-15 02:04:15 INFO        Calculated Architecture class smartbuffer_SRAM attributes"depthscale" as "depth / memory_depth" = 1.0.
2026-08-15 02:04:15 INFO        Calculated Architecture class smartbuffer_SRAM attributes"real_depth" as "depth" = 262144.
2026-08-15 02:04:15 INFO        Calculated Architecture class smartbuffer_SRAM attributes"area_scale" as "widthscale * depthscale" = 1.0.
2026-08-15 02:04:15 INFO        Calculated Architecture class smartbuffer_SRAM attributes"dynamic_energy_scale" as "widthscale * (depthscale ** (1.56 / 2))" = 1.0.
2026-08-15 02:04:15 INFO        Calculated Architecture class smartbuffer_SRAM attributes"static_energy_scale" as "area_scale" = 1.0.
2026-08-15 02:04:15 INFO        Calculated Architecture class smartbuffer_SRAM attributes"memory_width" as "max(32, width)" = 64.
2026-08-15 02:04:15 INFO        Calculated Architecture class smartbuffer_SRAM attributes"memory_depth" as "max(64, depth)" = 16384.
2026-08-15 02:04:15 INFO        Calculated Architecture class smartbuffer_SRAM attributes"widthscale" as "width / memory_width" = 1.0.
2026-08-15 02:04:15 INFO        Calculated Architecture class smartbuffer_SRAM attributes"depthscale" as "depth / memory_depth" = 1.0.
2026-08-15 02:04:15 INFO        Calculated Architecture class smartbuffer_SRAM attributes"real_depth" as "depth" = 16384.
2026-08-15 02:04:15 INFO        Calculated Architecture class smartbuffer_SRAM attributes"area_scale" as "widthscale * depthscale" = 1.0.
2026-08-15 02:04:15 INFO        Calculated Architecture class smartbuffer_SRAM attributes"dynamic_energy_scale" as "widthscale * (depthscale ** (1.56 / 2))" = 1.0.
2026-08-15 02:04:15 INFO        Calculated Architecture class smartbuffer_SRAM attributes"static_energy_scale" as "area_scale" = 1.0.
2026-08-15 02:04:15 INFO        Calculated Architecture class smartbuffer_RF attributes"memory_width" as "max(32, width)" = 32.
2026-08-15 02:04:15 INFO        Calculated Architecture class smartbuffer_RF attributes"memory_depth" as "max(64, depth)" = 64.
2026-08-15 02:04:15 INFO        Calculated Architecture class smartbuffer_RF attributes"widthscale" as "width / memory_width" = 0.5.
2026-08-15 02:04:15 INFO        Calculated Architecture class smartbuffer_RF attributes"depthscale" as "depth / memory_depth" = 0.1875.
2026-08-15 02:04:15 INFO        Calculated Architecture class smartbuffer_RF attributes"real_depth" as "depth" = 12.
2026-08-15 02:04:15 INFO        Calculated Architecture class smartbuffer_RF attributes"area_scale" as "widthscale * depthscale" = 0.09375.
2026-08-15 02:04:15 INFO        Calculated Architecture class smartbuffer_RF attributes"dynamic_energy_scale" as "widthscale * (depthscale ** (1.56 / 2))" = 0.1354911710963393.
2026-08-15 02:04:15 INFO        Calculated Architecture class smartbuffer_RF attributes"static_energy_scale" as "area_scale" = 0.09375.
2026-08-15 02:04:15 INFO        Calculated Architecture class smartbuffer_RF attributes"memory_width" as "max(32, width)" = 32.
2026-08-15 02:04:15 INFO        Calculated Architecture class smartbuffer_RF attributes"memory_depth" as "max(64, depth)" = 192.
2026-08-15 02:04:15 INFO        Calculated Architecture class smartbuffer_RF attributes"widthscale" as "width / memory_width" = 0.5.
2026-08-15 02:04:15 INFO        Calculated Architecture class smartbuffer_RF attributes"depthscale" as "depth / memory_depth" = 1.0.
2026-08-15 02:04:15 INFO        Calculated Architecture class smartbuffer_RF attributes"real_depth" as "depth" = 192.
2026-08-15 02:04:15 INFO        Calculated Architecture class smartbuffer_RF attributes"area_scale" as "widthscale * depthscale" = 0.5.
2026-08-15 02:04:15 INFO        Calculated Architecture class smartbuffer_RF attributes"dynamic_energy_scale" as "widthscale * (depthscale ** (1.56 / 2))" = 0.5.
2026-08-15 02:04:15 INFO        Calculated Architecture class smartbuffer_RF attributes"static_energy_scale" as "area_scale" = 0.5.
2026-08-15 02:04:15 INFO        Calculated Architecture class smartbuffer_RF attributes"memory_width" as "max(32, width)" = 32.
2026-08-15 02:04:15 INFO        Calculated Architecture class smartbuffer_RF attributes"memory_depth" as "max(64, depth)" = 64.
2026-08-15 02:04:15 INFO        Calculated Architecture class smartbuffer_RF attributes"widthscale" as "width / memory_width" = 0.5.
2026-08-15 02:04:15 INFO        Calculated Architecture class smartbuffer_RF attributes"depthscale" as "depth / memory_depth" = 0.25.
2026-08-15 02:04:15 INFO        Calculated Architecture class smartbuffer_RF attributes"real_depth" as "depth" = 16.
2026-08-15 02:04:15 INFO        Calculated Architecture class smartbuffer_RF attributes"area_scale" as "widthscale * depthscale" = 0.125.
2026-08-15 02:04:15 INFO        Calculated Architecture class smartbuffer_RF attributes"dynamic_energy_scale" as "widthscale * (depthscale ** (1.56 / 2))" = 0.16957554093095897.
2026-08-15 02:04:15 INFO        Calculated Architecture class smartbuffer_RF attributes"static_energy_scale" as "area_scale" = 0.125.
2026-08-15 02:04:15 WARNING     Area scale in attributes is deprecated. Use it on the same level as the attributes, not a subkey.
2026-08-15 02:04:15 WARNING     Area scale in attributes is deprecated. Use it on the same level as the attributes, not a subkey.
2026-08-15 02:04:15 WARNING     Area scale in attributes is deprecated. Use it on the same level as the attributes, not a subkey.
2026-08-15 02:04:15 WARNING     Area scale in attributes is deprecated. Use it on the same level as the attributes, not a subkey.
2026-08-15 02:04:15 WARNING     Area scale in attributes is deprecated. Use it on the same level as the attributes, not a subkey.
2026-08-15 02:04:15 INFO        Estimator plug-in identified by: /workspace/scratch/ae4887560717/timeloop-env/share/accelergy/estimation_plug_ins/accelergy-library-plugin/library.estimator.yaml
2026-08-15 02:04:15 INFO        Estimator plug-in identified by: /workspace/scratch/ae4887560717/timeloop-env/share/accelergy/estimation_plug_ins/accelergy-aladdin-plug-in/aladdin.estimator.yaml
2026-08-15 02:04:15 INFO        Estimator plug-in identified by: /workspace/scratch/ae4887560717/timeloop-env/share/accelergy/estimation_plug_ins/accelergy-cacti-plug-in/cacti.estimator.yaml
2026-08-15 02:04:15 INFO        Loading Python plug-in: /workspace/scratch/ae4887560717/timeloop-env/share/accelergy/estimation_plug_ins/accelergy-cacti-plug-in/cacti_wrapper.py. Errors below are likely due to plug-in, not Accelergy.
2026-08-15 02:04:15 INFO        Getting all estimators in module <module 'python_plug_in0' from '/workspace/scratch/ae4887560717/timeloop-env/share/accelergy/estimation_plug_ins/accelergy-cacti-plug-in/cacti_wrapper.py'>
2026-08-15 02:04:15 INFO        Added estimator CactiCache that estimates cache with actions idle, read, read_access, update, update_access, write, write_access, leak
2026-08-15 02:04:15 INFO        Added estimator CactiDRAM that estimates ['DRAM', 'dram'] with actions idle, read, update, write, leak
2026-08-15 02:04:15 INFO        Added estimator CactiSRAM that estimates ['SRAM', 'sram'] with actions idle, read, update, write, leak
2026-08-15 02:04:15 INFO        Done loading Python plug-ins.
2026-08-15 02:04:15 INFO        Found estimator plug-in: Library (<LibraryEstimator.LibraryEstimator object at 0x7fedf249de20>)
2026-08-15 02:04:15 INFO        Found estimator plug-in: Aladdin_table (<AladdinTable.AladdinTable object at 0x7fedf249ebd0>)
2026-08-15 02:04:15 INFO        Found estimator plug-in: CactiCache (<accelergy.plug_in_interface.estimator_wrapper.EstimatorWrapper object at 0x7fedf26453d0>)
2026-08-15 02:04:15 INFO        Found estimator plug-in: CactiDRAM (<accelergy.plug_in_interface.estimator_wrapper.EstimatorWrapper object at 0x7fedf29cd580>)
2026-08-15 02:04:15 INFO        Found estimator plug-in: CactiSRAM (<accelergy.plug_in_interface.estimator_wrapper.EstimatorWrapper object at 0x7fedf28b6fc0>)
2026-08-15 02:04:15 INFO        Calculated storage."width" as "memory_width" = 64.
2026-08-15 02:04:15 INFO        Calculated storage."depth" as "memory_depth" = 262144.
2026-08-15 02:04:15 INFO        Calculated storage."n_rdwr_ports" as "n_rdwr_ports" = 1.
2026-08-15 02:04:15 INFO        Calculated storage."global_cycle_seconds" as "global_cycle_seconds" = 1e-09.
2026-08-15 02:04:15 INFO        Calculated storage.area_scale as "area_scale" = 1.0.
2026-08-15 02:04:15 INFO        Calculated address_generators[0..1]."n_bits" as "max(1, ceil(log2(real_depth))) if real_depth >= 1 else 1" = 18.
2026-08-15 02:04:15 INFO        Calculated address_generators[0..1]."precision" as "max(1, ceil(log2(real_depth))) if real_depth >= 1 else 1" = 18.
2026-08-15 02:04:15 INFO        Calculated address_generators[0..1]."global_cycle_seconds" as "global_cycle_seconds" = 1e-09.
2026-08-15 02:04:15 INFO        Calculated action write energy_scale as "dynamic_energy_scale" = 1.0.
2026-08-15 02:04:15 INFO        Calculated action read energy_scale as "dynamic_energy_scale" = 1.0.
2026-08-15 02:04:15 INFO        Calculated action leak energy_scale as "static_energy_scale" = 1.0.
2026-08-15 02:04:15 INFO        Calculated action write energy_scale as "dynamic_energy_scale" = 1.0.
2026-08-15 02:04:15 INFO        Calculated storage."width" as "memory_width" = 64.
2026-08-15 02:04:15 INFO        Calculated storage."depth" as "memory_depth" = 16384.
2026-08-15 02:04:15 INFO        Calculated storage."n_rdwr_ports" as "n_rdwr_ports" = 1.
2026-08-15 02:04:15 INFO        Calculated storage."global_cycle_seconds" as "global_cycle_seconds" = 1e-09.
2026-08-15 02:04:15 INFO        Calculated storage.area_scale as "area_scale" = 1.0.
2026-08-15 02:04:15 INFO        Calculated address_generators[0..1]."n_bits" as "max(1, ceil(log2(real_depth))) if real_depth >= 1 else 1" = 14.
2026-08-15 02:04:15 INFO        Calculated address_generators[0..1]."precision" as "max(1, ceil(log2(real_depth))) if real_depth >= 1 else 1" = 14.
2026-08-15 02:04:15 INFO        Calculated address_generators[0..1]."global_cycle_seconds" as "global_cycle_seconds" = 1e-09.
2026-08-15 02:04:15 INFO        Calculated action write energy_scale as "dynamic_energy_scale" = 1.0.
2026-08-15 02:04:15 INFO        Calculated action read energy_scale as "dynamic_energy_scale" = 1.0.
2026-08-15 02:04:15 INFO        Calculated action leak energy_scale as "static_energy_scale" = 1.0.
2026-08-15 02:04:15 INFO        Calculated action write energy_scale as "dynamic_energy_scale" = 1.0.
2026-08-15 02:04:15 INFO        Calculated storage."width" as "memory_width" = 32.
2026-08-15 02:04:15 INFO        Calculated storage."depth" as "memory_depth" = 64.
2026-08-15 02:04:15 INFO        Calculated storage."n_rdwr_ports" as "n_rdwr_ports" = 1.
2026-08-15 02:04:15 INFO        Calculated storage."global_cycle_seconds" as "global_cycle_seconds" = 1e-09.
2026-08-15 02:04:15 INFO        Calculated storage.area_scale as "area_scale" = 0.09375.
2026-08-15 02:04:15 INFO        Calculated list index expression as "width*depth" = 2048.
2026-08-15 02:04:15 INFO        Calculated list index expression as "depth" = 64.
2026-08-15 02:04:15 INFO        Calculated storage.storage[1..2048]."global_cycle_seconds" as "global_cycle_seconds" = 1e-09.
2026-08-15 02:04:15 INFO        Calculated storage.comparator[1..64]."n_bits" as "max(1, ceil(log2(depth)))" = 6.
2026-08-15 02:04:15 INFO        Calculated storage.comparator[1..64]."global_cycle_seconds" as "global_cycle_seconds" = 1e-09.
2026-08-15 02:04:15 INFO        Calculated address_generators[0..1]."n_bits" as "max(1, ceil(log2(real_depth))) if real_depth >= 1 else 1" = 4.
2026-08-15 02:04:15 INFO        Calculated address_generators[0..1]."precision" as "max(1, ceil(log2(real_depth))) if real_depth >= 1 else 1" = 4.
2026-08-15 02:04:15 INFO        Calculated address_generators[0..1]."global_cycle_seconds" as "global_cycle_seconds" = 1e-09.
2026-08-15 02:04:15 INFO        Calculated action write energy_scale as "dynamic_energy_scale" = 0.1354911710963393.
2026-08-15 02:04:15 INFO        Calculated list index expression as "width" = 32.
2026-08-15 02:04:15 INFO        Calculated list index expression as "depth" = 64.
2026-08-15 02:04:15 INFO        Calculated action read energy_scale as "dynamic_energy_scale" = 0.1354911710963393.
2026-08-15 02:04:15 INFO        Calculated list index expression as "width" = 32.
2026-08-15 02:04:15 INFO        Calculated list index expression as "depth" = 64.
2026-08-15 02:04:15 INFO        Calculated action leak energy_scale as "static_energy_scale" = 0.09375.
2026-08-15 02:04:15 INFO        Calculated list index expression as "width*depth" = 2048.
2026-08-15 02:04:15 INFO        Calculated system_top_level.ifmap_spad[1..168].leak.leak."global_cycle_seconds" as "global_cycle_seconds" = 1e-09.
2026-08-15 02:04:15 INFO        Calculated list index expression as "depth" = 64.
2026-08-15 02:04:15 INFO        Calculated system_top_level.ifmap_spad[1..168].leak.leak."global_cycle_seconds" as "global_cycle_seconds" = 1e-09.
2026-08-15 02:04:15 INFO        Calculated action write energy_scale as "dynamic_energy_scale" = 0.1354911710963393.
2026-08-15 02:04:15 INFO        Calculated list index expression as "width" = 32.
2026-08-15 02:04:15 INFO        Calculated list index expression as "depth" = 64.
2026-08-15 02:04:15 INFO        Calculated storage."width" as "memory_width" = 32.
2026-08-15 02:04:15 INFO        Calculated storage."depth" as "memory_depth" = 192.
2026-08-15 02:04:15 INFO        Calculated storage."n_rdwr_ports" as "n_rdwr_ports" = 1.
2026-08-15 02:04:15 INFO        Calculated storage."global_cycle_seconds" as "global_cycle_seconds" = 1e-09.
2026-08-15 02:04:15 INFO        Calculated storage.area_scale as "area_scale" = 0.5.
2026-08-15 02:04:15 INFO        Calculated list index expression as "width*depth" = 6144.
2026-08-15 02:04:15 INFO        Calculated list index expression as "depth" = 192.
2026-08-15 02:04:15 INFO        Calculated storage.storage[1..6144]."global_cycle_seconds" as "global_cycle_seconds" = 1e-09.
2026-08-15 02:04:15 INFO        Calculated storage.comparator[1..192]."n_bits" as "max(1, ceil(log2(depth)))" = 8.
2026-08-15 02:04:15 INFO        Calculated storage.comparator[1..192]."global_cycle_seconds" as "global_cycle_seconds" = 1e-09.
2026-08-15 02:04:15 INFO        Calculated address_generators[0..1]."n_bits" as "max(1, ceil(log2(real_depth))) if real_depth >= 1 else 1" = 8.
2026-08-15 02:04:15 INFO        Calculated address_generators[0..1]."precision" as "max(1, ceil(log2(real_depth))) if real_depth >= 1 else 1" = 8.
2026-08-15 02:04:15 INFO        Calculated address_generators[0..1]."global_cycle_seconds" as "global_cycle_seconds" = 1e-09.
2026-08-15 02:04:15 INFO        Calculated action write energy_scale as "dynamic_energy_scale" = 0.5.
2026-08-15 02:04:15 INFO        Calculated list index expression as "width" = 32.
2026-08-15 02:04:15 INFO        Calculated list index expression as "depth" = 192.
2026-08-15 02:04:15 INFO        Calculated action read energy_scale as "dynamic_energy_scale" = 0.5.
2026-08-15 02:04:15 INFO        Calculated list index expression as "width" = 32.
2026-08-15 02:04:15 INFO        Calculated list index expression as "depth" = 192.
2026-08-15 02:04:15 INFO        Calculated action leak energy_scale as "static_energy_scale" = 0.5.
2026-08-15 02:04:15 INFO        Calculated list index expression as "width*depth" = 6144.
2026-08-15 02:04:15 INFO        Calculated system_top_level.weights_spad[1..168].leak.leak."global_cycle_seconds" as "global_cycle_seconds" = 1e-09.
2026-08-15 02:04:15 INFO        Calculated list index expression as "depth" = 192.
2026-08-15 02:04:15 INFO        Calculated system_top_level.weights_spad[1..168].leak.leak."global_cycle_seconds" as "global_cycle_seconds" = 1e-09.
2026-08-15 02:04:15 INFO        Calculated action write energy_scale as "dynamic_energy_scale" = 0.5.
2026-08-15 02:04:15 INFO        Calculated list index expression as "width" = 32.
2026-08-15 02:04:15 INFO        Calculated list index expression as "depth" = 192.
2026-08-15 02:04:15 INFO        Calculated storage."width" as "memory_width" = 32.
2026-08-15 02:04:15 INFO        Calculated storage."depth" as "memory_depth" = 64.
2026-08-15 02:04:15 INFO        Calculated storage."n_rdwr_ports" as "n_rdwr_ports" = 1.
2026-08-15 02:04:15 INFO        Calculated storage."global_cycle_seconds" as "global_cycle_seconds" = 1e-09.
2026-08-15 02:04:15 INFO        Calculated storage.area_scale as "area_scale" = 0.125.
2026-08-15 02:04:15 INFO        Calculated list index expression as "width*depth" = 2048.
2026-08-15 02:04:15 INFO        Calculated list index expression as "depth" = 64.
2026-08-15 02:04:15 INFO        Calculated storage.storage[1..2048]."global_cycle_seconds" as "global_cycle_seconds" = 1e-09.
2026-08-15 02:04:15 INFO        Calculated storage.comparator[1..64]."n_bits" as "max(1, ceil(log2(depth)))" = 6.
2026-08-15 02:04:15 INFO        Calculated storage.comparator[1..64]."global_cycle_seconds" as "global_cycle_seconds" = 1e-09.
2026-08-15 02:04:15 INFO        Calculated address_generators[0..1]."n_bits" as "max(1, ceil(log2(real_depth))) if real_depth >= 1 else 1" = 4.
2026-08-15 02:04:15 INFO        Calculated address_generators[0..1]."precision" as "max(1, ceil(log2(real_depth))) if real_depth >= 1 else 1" = 4.
2026-08-15 02:04:15 INFO        Calculated address_generators[0..1]."global_cycle_seconds" as "global_cycle_seconds" = 1e-09.
2026-08-15 02:04:15 INFO        Calculated action write energy_scale as "dynamic_energy_scale" = 0.16957554093095897.
2026-08-15 02:04:15 INFO        Calculated list index expression as "width" = 32.
2026-08-15 02:04:15 INFO        Calculated list index expression as "depth" = 64.
2026-08-15 02:04:15 INFO        Calculated action read energy_scale as "dynamic_energy_scale" = 0.16957554093095897.
2026-08-15 02:04:15 INFO        Calculated list index expression as "width" = 32.
2026-08-15 02:04:15 INFO        Calculated list index expression as "depth" = 64.
2026-08-15 02:04:15 INFO        Calculated action leak energy_scale as "static_energy_scale" = 0.125.
2026-08-15 02:04:15 INFO        Calculated list index expression as "width*depth" = 2048.
2026-08-15 02:04:15 INFO        Calculated system_top_level.psum_spad[1..168].leak.leak."global_cycle_seconds" as "global_cycle_seconds" = 1e-09.
2026-08-15 02:04:15 INFO        Calculated list index expression as "depth" = 64.
2026-08-15 02:04:15 INFO        Calculated system_top_level.psum_spad[1..168].leak.leak."global_cycle_seconds" as "global_cycle_seconds" = 1e-09.
2026-08-15 02:04:15 INFO        Calculated action write energy_scale as "dynamic_energy_scale" = 0.16957554093095897.
2026-08-15 02:04:15 INFO        Calculated list index expression as "width" = 32.
2026-08-15 02:04:15 INFO        Calculated list index expression as "depth" = 64.
2026-08-15 02:04:15 INFO        Calculated intadder."width" as "adder_width" = 16.
2026-08-15 02:04:15 INFO        Calculated intmultiplier."width_a" as "multiplier_width" = 8.
2026-08-15 02:04:15 INFO        Calculated intmultiplier."width_b" as "multiplier_width" = 8.
2026-08-15 02:04:15 INFO        
2026-08-15 02:04:15 INFO        ENERGY ESTIMATION for SRAM(width=64, depth=262144, n_rdwr_ports=1, global_cycle_seconds=1e-09, action_latency_cycles=1, cycle_seconds=1e-09, technology=45nm, n_instances=1).write(global_cycle_seconds=1e-09, action_latency_cycles=1, cycle_seconds=1e-09, technology=45nm, n_instances=1)
2026-08-15 02:04:17 INFO        CactiSRAM estimated 1.1019000000000001e-10 with accuracy 80%. Messages:
2026-08-15 02:04:17 INFO        | Unused arguments (n_rdwr_ports, global_cycle_seconds, action_latency_cycles, cycle_seconds, n_instances) provided for ['SRAM', 'sram'].__init__. Arguments used: (width, depth, technology)
2026-08-15 02:04:17 INFO        | Unused arguments (global_cycle_seconds, action_latency_cycles, cycle_seconds, technology, n_instances) provided for ['SRAM', 'sram'].write. Arguments used: ()
2026-08-15 02:04:17 INFO        | Calling CACTI with cache_size=2097152 n_rw_ports=1 block_size=8 tech_node_um=0.045 n_banks=1 tag_size=0 associativity=1
2026-08-15 02:04:17 INFO        | Calling CACTI with input path /workspace/scratch/ae4887560717/timeloop-env/share/accelergy/estimation_plug_ins/accelergy-cacti-plug-in/cacti_inputs_outputs/tmp0bqk2c_u
2026-08-15 02:04:17 INFO        | CACTI output will be written to /workspace/scratch/ae4887560717/timeloop-env/share/accelergy/estimation_plug_ins/accelergy-cacti-plug-in/cacti_inputs_outputs/tmp6uus1tfy
2026-08-15 02:04:17 INFO        | CACTI executable not found at /workspace/scratch/ae4887560717/timeloop-env/share/accelergy/estimation_plug_ins/accelergy-cacti-plug-in/cacti/cacti
2026-08-15 02:04:17 INFO        | Calling: cd /workspace/scratch/ae4887560717/timeloop-env/share/accelergy/estimation_plug_ins/accelergy-cacti-plug-in ; ./cacti -infile /workspace/scratch/ae4887560717/timeloop-env/share/accelergy/estimation_plug_ins/accelergy-cacti-plug-in/cacti_inputs_outputs/tmp0bqk2c_u >> /workspace/scratch/ae4887560717/timeloop-env/share/accelergy/estimation_plug_ins/accelergy-cacti-plug-in/cacti_inputs_outputs/tmp6uus1tfy 2>&1
2026-08-15 02:04:17 INFO        | Cache bandwidth: 8.0 bytes/cycle
2026-08-15 02:04:17 INFO        | Cache bandwidth: 19954105557.218395 bits/second
2026-08-15 02:04:17 INFO        
2026-08-15 02:04:17 INFO        ENERGY ESTIMATION for intadder(n_bits=18, precision=18, global_cycle_seconds=1e-09, action_latency_cycles=1, cycle_seconds=1e-09, technology=45nm, n_instances=1).add(global_cycle_seconds=1e-09, action_latency_cycles=1, cycle_seconds=1e-09, technology=45nm, n_instances=1)
2026-08-15 02:04:17 INFO        Aladdin_table estimated 0.118125p with accuracy 70%. 
2026-08-15 02:04:17 INFO        
2026-08-15 02:04:17 INFO        ENERGY ESTIMATION for SRAM(width=64, depth=262144, n_rdwr_ports=1, global_cycle_seconds=1e-09, action_latency_cycles=1, cycle_seconds=1e-09, technology=45nm, n_instances=1).read(global_cycle_seconds=1e-09, action_latency_cycles=1, cycle_seconds=1e-09, technology=45nm, n_instances=1)
2026-08-15 02:04:20 INFO        CactiSRAM estimated 1.27527e-10 with accuracy 80%. Messages:
2026-08-15 02:04:20 INFO        | Unused arguments (n_rdwr_ports, global_cycle_seconds, action_latency_cycles, cycle_seconds, n_instances) provided for ['SRAM', 'sram'].__init__. Arguments used: (width, depth, technology)
2026-08-15 02:04:20 INFO        | Unused arguments (global_cycle_seconds, action_latency_cycles, cycle_seconds, technology, n_instances) provided for ['SRAM', 'sram'].read. Arguments used: ()
2026-08-15 02:04:20 INFO        | Calling CACTI with cache_size=2097152 n_rw_ports=1 block_size=8 tech_node_um=0.045 n_banks=1 tag_size=0 associativity=1
2026-08-15 02:04:20 INFO        | Calling CACTI with input path /workspace/scratch/ae4887560717/timeloop-env/share/accelergy/estimation_plug_ins/accelergy-cacti-plug-in/cacti_inputs_outputs/tmpfyk52wnn
2026-08-15 02:04:20 INFO        | CACTI output will be written to /workspace/scratch/ae4887560717/timeloop-env/share/accelergy/estimation_plug_ins/accelergy-cacti-plug-in/cacti_inputs_outputs/tmpmsiyprst
2026-08-15 02:04:20 INFO        | CACTI executable not found at /workspace/scratch/ae4887560717/timeloop-env/share/accelergy/estimation_plug_ins/accelergy-cacti-plug-in/cacti/cacti
2026-08-15 02:04:20 INFO        | Calling: cd /workspace/scratch/ae4887560717/timeloop-env/share/accelergy/estimation_plug_ins/accelergy-cacti-plug-in ; ./cacti -infile /workspace/scratch/ae4887560717/timeloop-env/share/accelergy/estimation_plug_ins/accelergy-cacti-plug-in/cacti_inputs_outputs/tmpfyk52wnn >> /workspace/scratch/ae4887560717/timeloop-env/share/accelergy/estimation_plug_ins/accelergy-cacti-plug-in/cacti_inputs_outputs/tmpmsiyprst 2>&1
2026-08-15 02:04:20 INFO        | Cache bandwidth: 8.0 bytes/cycle
2026-08-15 02:04:20 INFO        | Cache bandwidth: 19954105557.218395 bits/second
2026-08-15 02:04:20 INFO        
2026-08-15 02:04:20 INFO        ENERGY ESTIMATION for intadder(n_bits=18, precision=18, global_cycle_seconds=1e-09, action_latency_cycles=1, cycle_seconds=1e-09, technology=45nm, n_instances=1).add(global_cycle_seconds=1e-09, action_latency_cycles=1, cycle_seconds=1e-09, technology=45nm, n_instances=1)
2026-08-15 02:04:20 INFO        Aladdin_table estimated 0.118125p with accuracy 70%. 
2026-08-15 02:04:20 INFO        
2026-08-15 02:04:20 INFO        ENERGY ESTIMATION for SRAM(width=64, depth=262144, n_rdwr_ports=1, global_cycle_seconds=1e-09, action_latency_cycles=1, cycle_seconds=1e-09, technology=45nm, n_instances=1).leak(global_cycle_seconds=1e-09, action_latency_cycles=1, cycle_seconds=1e-09, technology=45nm, n_instances=1)
2026-08-15 02:04:21 INFO        CactiSRAM estimated 4.9925100000000007e-14 with accuracy 80%. Messages:
2026-08-15 02:04:21 INFO        | Unused arguments (n_rdwr_ports, global_cycle_seconds, action_latency_cycles, cycle_seconds, n_instances) provided for ['SRAM', 'sram'].__init__. Arguments used: (width, depth, technology)
2026-08-15 02:04:21 INFO        | Unused arguments (action_latency_cycles, cycle_seconds, technology, n_instances) provided for ['SRAM', 'sram'].leak. Arguments used: (global_cycle_seconds)
2026-08-15 02:04:21 INFO        | Calling CACTI with cache_size=2097152 n_rw_ports=1 block_size=8 tech_node_um=0.045 n_banks=1 tag_size=0 associativity=1
2026-08-15 02:04:21 INFO        | Calling CACTI with input path /workspace/scratch/ae4887560717/timeloop-env/share/accelergy/estimation_plug_ins/accelergy-cacti-plug-in/cacti_inputs_outputs/tmpaazfsmiq
2026-08-15 02:04:21 INFO        | CACTI output will be written to /workspace/scratch/ae4887560717/timeloop-env/share/accelergy/estimation_plug_ins/accelergy-cacti-plug-in/cacti_inputs_outputs/tmpt962b3_d
2026-08-15 02:04:21 INFO        | CACTI executable not found at /workspace/scratch/ae4887560717/timeloop-env/share/accelergy/estimation_plug_ins/accelergy-cacti-plug-in/cacti/cacti
2026-08-15 02:04:21 INFO        | Calling: cd /workspace/scratch/ae4887560717/timeloop-env/share/accelergy/estimation_plug_ins/accelergy-cacti-plug-in ; ./cacti -infile /workspace/scratch/ae4887560717/timeloop-env/share/accelergy/estimation_plug_ins/accelergy-cacti-plug-in/cacti_inputs_outputs/tmpaazfsmiq >> /workspace/scratch/ae4887560717/timeloop-env/share/accelergy/estimation_plug_ins/accelergy-cacti-plug-in/cacti_inputs_outputs/tmpt962b3_d 2>&1
2026-08-15 02:04:21 INFO        | Cache bandwidth: 8.0 bytes/cycle
2026-08-15 02:04:21 INFO        | Cache bandwidth: 19954105557.218395 bits/second
2026-08-15 02:04:21 INFO        | Global cycle time 1e-09 is less than the cache's random cycle time 3.2073600000000004e-09
2026-08-15 02:04:21 INFO        | Multiplying by n_instances 1
2026-08-15 02:04:21 INFO        
2026-08-15 02:04:21 INFO        ENERGY ESTIMATION for intadder(n_bits=18, precision=18, global_cycle_seconds=1e-09, action_latency_cycles=1, cycle_seconds=1e-09, technology=45nm, n_instances=1).leak(global_cycle_seconds=1e-09, action_latency_cycles=1, cycle_seconds=1e-09, technology=45nm, n_instances=1)
2026-08-15 02:04:21 INFO        Aladdin_table estimated 0.00129375p with accuracy 70%. Messages:
2026-08-15 02:04:21 INFO        | Multiplying by n_instances 1
2026-08-15 02:04:21 INFO        
2026-08-15 02:04:21 INFO        ENERGY ESTIMATION for SRAM(width=64, depth=262144, n_rdwr_ports=1, global_cycle_seconds=1e-09, action_latency_cycles=1, cycle_seconds=1e-09, technology=45nm, n_instances=1).write(global_cycle_seconds=1e-09, action_latency_cycles=1, cycle_seconds=1e-09, technology=45nm, n_instances=1)
2026-08-15 02:04:22 INFO        CactiSRAM estimated 1.1019000000000001e-10 with accuracy 80%. Messages:
2026-08-15 02:04:22 INFO        | Unused arguments (n_rdwr_ports, global_cycle_seconds, action_latency_cycles, cycle_seconds, n_instances) provided for ['SRAM', 'sram'].__init__. Arguments used: (width, depth, technology)
2026-08-15 02:04:22 INFO        | Unused arguments (global_cycle_seconds, action_latency_cycles, cycle_seconds, technology, n_instances) provided for ['SRAM', 'sram'].write. Arguments used: ()
2026-08-15 02:04:22 INFO        | Calling CACTI with cache_size=2097152 n_rw_ports=1 block_size=8 tech_node_um=0.045 n_banks=1 tag_size=0 associativity=1
2026-08-15 02:04:22 INFO        | Calling CACTI with input path /workspace/scratch/ae4887560717/timeloop-env/share/accelergy/estimation_plug_ins/accelergy-cacti-plug-in/cacti_inputs_outputs/tmpstc4ic2s
2026-08-15 02:04:22 INFO        | CACTI output will be written to /workspace/scratch/ae4887560717/timeloop-env/share/accelergy/estimation_plug_ins/accelergy-cacti-plug-in/cacti_inputs_outputs/tmps624v6sc
2026-08-15 02:04:22 INFO        | CACTI executable not found at /workspace/scratch/ae4887560717/timeloop-env/share/accelergy/estimation_plug_ins/accelergy-cacti-plug-in/cacti/cacti
2026-08-15 02:04:22 INFO        | Calling: cd /workspace/scratch/ae4887560717/timeloop-env/share/accelergy/estimation_plug_ins/accelergy-cacti-plug-in ; ./cacti -infile /workspace/scratch/ae4887560717/timeloop-env/share/accelergy/estimation_plug_ins/accelergy-cacti-plug-in/cacti_inputs_outputs/tmpstc4ic2s >> /workspace/scratch/ae4887560717/timeloop-env/share/accelergy/estimation_plug_ins/accelergy-cacti-plug-in/cacti_inputs_outputs/tmps624v6sc 2>&1
2026-08-15 02:04:22 INFO        | Cache bandwidth: 8.0 bytes/cycle
2026-08-15 02:04:22 INFO        | Cache bandwidth: 19954105557.218395 bits/second
2026-08-15 02:04:22 INFO        
2026-08-15 02:04:22 INFO        ENERGY ESTIMATION for intadder(n_bits=18, precision=18, global_cycle_seconds=1e-09, action_latency_cycles=1, cycle_seconds=1e-09, technology=45nm, n_instances=1).add(global_cycle_seconds=1e-09, action_latency_cycles=1, cycle_seconds=1e-09, technology=45nm, n_instances=1)
2026-08-15 02:04:22 INFO        Aladdin_table estimated 0.118125p with accuracy 70%. 
2026-08-15 02:04:22 INFO        
2026-08-15 02:04:22 INFO        ENERGY ESTIMATION for SRAM(width=64, depth=16384, n_rdwr_ports=1, global_cycle_seconds=1e-09, action_latency_cycles=1, cycle_seconds=1e-09, technology=45nm, n_instances=1).write(global_cycle_seconds=1e-09, action_latency_cycles=1, cycle_seconds=1e-09, technology=45nm, n_instances=1)
2026-08-15 02:04:23 INFO        CactiSRAM estimated 2.6065000000000003e-11 with accuracy 80%. Messages:
2026-08-15 02:04:23 INFO        | Unused arguments (n_rdwr_ports, global_cycle_seconds, action_latency_cycles, cycle_seconds, n_instances) provided for ['SRAM', 'sram'].__init__. Arguments used: (width, depth, technology)
2026-08-15 02:04:23 INFO        | Unused arguments (global_cycle_seconds, action_latency_cycles, cycle_seconds, technology, n_instances) provided for ['SRAM', 'sram'].write. Arguments used: ()
2026-08-15 02:04:23 INFO        | Calling CACTI with cache_size=131072 n_rw_ports=1 block_size=8 tech_node_um=0.045 n_banks=1 tag_size=0 associativity=1
2026-08-15 02:04:23 INFO        | Calling CACTI with input path /workspace/scratch/ae4887560717/timeloop-env/share/accelergy/estimation_plug_ins/accelergy-cacti-plug-in/cacti_inputs_outputs/tmpx5xlydtu
2026-08-15 02:04:23 INFO        | CACTI output will be written to /workspace/scratch/ae4887560717/timeloop-env/share/accelergy/estimation_plug_ins/accelergy-cacti-plug-in/cacti_inputs_outputs/tmpbyew_bzh
2026-08-15 02:04:23 INFO        | CACTI executable not found at /workspace/scratch/ae4887560717/timeloop-env/share/accelergy/estimation_plug_ins/accelergy-cacti-plug-in/cacti/cacti
2026-08-15 02:04:23 INFO        | Calling: cd /workspace/scratch/ae4887560717/timeloop-env/share/accelergy/estimation_plug_ins/accelergy-cacti-plug-in ; ./cacti -infile /workspace/scratch/ae4887560717/timeloop-env/share/accelergy/estimation_plug_ins/accelergy-cacti-plug-in/cacti_inputs_outputs/tmpx5xlydtu >> /workspace/scratch/ae4887560717/timeloop-env/share/accelergy/estimation_plug_ins/accelergy-cacti-plug-in/cacti_inputs_outputs/tmpbyew_bzh 2>&1
2026-08-15 02:04:23 INFO        | Cache bandwidth: 8.0 bytes/cycle
2026-08-15 02:04:23 INFO        | Cache bandwidth: 38765559223.477394 bits/second
2026-08-15 02:04:23 INFO        
2026-08-15 02:04:23 INFO        ENERGY ESTIMATION for intadder(n_bits=14, precision=14, global_cycle_seconds=1e-09, action_latency_cycles=1, cycle_seconds=1e-09, technology=45nm, n_instances=1).add(global_cycle_seconds=1e-09, action_latency_cycles=1, cycle_seconds=1e-09, technology=45nm, n_instances=1)
2026-08-15 02:04:23 INFO        Aladdin_table estimated 0.091875p with accuracy 70%. 
2026-08-15 02:04:23 INFO        
2026-08-15 02:04:23 INFO        ENERGY ESTIMATION for SRAM(width=64, depth=16384, n_rdwr_ports=1, global_cycle_seconds=1e-09, action_latency_cycles=1, cycle_seconds=1e-09, technology=45nm, n_instances=1).read(global_cycle_seconds=1e-09, action_latency_cycles=1, cycle_seconds=1e-09, technology=45nm, n_instances=1)
2026-08-15 02:04:23 INFO        CactiSRAM estimated 3.2285900000000004e-11 with accuracy 80%. Messages:
2026-08-15 02:04:23 INFO        | Unused arguments (n_rdwr_ports, global_cycle_seconds, action_latency_cycles, cycle_seconds, n_instances) provided for ['SRAM', 'sram'].__init__. Arguments used: (width, depth, technology)
2026-08-15 02:04:23 INFO        | Unused arguments (global_cycle_seconds, action_latency_cycles, cycle_seconds, technology, n_instances) provided for ['SRAM', 'sram'].read. Arguments used: ()
2026-08-15 02:04:23 INFO        | Calling CACTI with cache_size=131072 n_rw_ports=1 block_size=8 tech_node_um=0.045 n_banks=1 tag_size=0 associativity=1
2026-08-15 02:04:23 INFO        | Calling CACTI with input path /workspace/scratch/ae4887560717/timeloop-env/share/accelergy/estimation_plug_ins/accelergy-cacti-plug-in/cacti_inputs_outputs/tmp_k80f6fh
2026-08-15 02:04:23 INFO        | CACTI output will be written to /workspace/scratch/ae4887560717/timeloop-env/share/accelergy/estimation_plug_ins/accelergy-cacti-plug-in/cacti_inputs_outputs/tmp_ua2pw4t
2026-08-15 02:04:23 INFO        | CACTI executable not found at /workspace/scratch/ae4887560717/timeloop-env/share/accelergy/estimation_plug_ins/accelergy-cacti-plug-in/cacti/cacti
2026-08-15 02:04:23 INFO        | Calling: cd /workspace/scratch/ae4887560717/timeloop-env/share/accelergy/estimation_plug_ins/accelergy-cacti-plug-in ; ./cacti -infile /workspace/scratch/ae4887560717/timeloop-env/share/accelergy/estimation_plug_ins/accelergy-cacti-plug-in/cacti_inputs_outputs/tmp_k80f6fh >> /workspace/scratch/ae4887560717/timeloop-env/share/accelergy/estimation_plug_ins/accelergy-cacti-plug-in/cacti_inputs_outputs/tmp_ua2pw4t 2>&1
2026-08-15 02:04:23 INFO        | Cache bandwidth: 8.0 bytes/cycle
2026-08-15 02:04:23 INFO        | Cache bandwidth: 38765559223.477394 bits/second
2026-08-15 02:04:23 INFO        
2026-08-15 02:04:23 INFO        ENERGY ESTIMATION for intadder(n_bits=14, precision=14, global_cycle_seconds=1e-09, action_latency_cycles=1, cycle_seconds=1e-09, technology=45nm, n_instances=1).add(global_cycle_seconds=1e-09, action_latency_cycles=1, cycle_seconds=1e-09, technology=45nm, n_instances=1)
2026-08-15 02:04:23 INFO        Aladdin_table estimated 0.091875p with accuracy 70%. 
2026-08-15 02:04:23 INFO        
2026-08-15 02:04:23 INFO        ENERGY ESTIMATION for SRAM(width=64, depth=16384, n_rdwr_ports=1, global_cycle_seconds=1e-09, action_latency_cycles=1, cycle_seconds=1e-09, technology=45nm, n_instances=1).leak(global_cycle_seconds=1e-09, action_latency_cycles=1, cycle_seconds=1e-09, technology=45nm, n_instances=1)
2026-08-15 02:04:24 INFO        CactiSRAM estimated 3.34055e-15 with accuracy 80%. Messages:
2026-08-15 02:04:24 INFO        | Unused arguments (n_rdwr_ports, global_cycle_seconds, action_latency_cycles, cycle_seconds, n_instances) provided for ['SRAM', 'sram'].__init__. Arguments used: (width, depth, technology)
2026-08-15 02:04:24 INFO        | Unused arguments (action_latency_cycles, cycle_seconds, technology, n_instances) provided for ['SRAM', 'sram'].leak. Arguments used: (global_cycle_seconds)
2026-08-15 02:04:24 INFO        | Calling CACTI with cache_size=131072 n_rw_ports=1 block_size=8 tech_node_um=0.045 n_banks=1 tag_size=0 associativity=1
2026-08-15 02:04:24 INFO        | Calling CACTI with input path /workspace/scratch/ae4887560717/timeloop-env/share/accelergy/estimation_plug_ins/accelergy-cacti-plug-in/cacti_inputs_outputs/tmp__8vnz90
2026-08-15 02:04:24 INFO        | CACTI output will be written to /workspace/scratch/ae4887560717/timeloop-env/share/accelergy/estimation_plug_ins/accelergy-cacti-plug-in/cacti_inputs_outputs/tmpmxbjw89u
2026-08-15 02:04:24 INFO        | CACTI executable not found at /workspace/scratch/ae4887560717/timeloop-env/share/accelergy/estimation_plug_ins/accelergy-cacti-plug-in/cacti/cacti
2026-08-15 02:04:24 INFO        | Calling: cd /workspace/scratch/ae4887560717/timeloop-env/share/accelergy/estimation_plug_ins/accelergy-cacti-plug-in ; ./cacti -infile /workspace/scratch/ae4887560717/timeloop-env/share/accelergy/estimation_plug_ins/accelergy-cacti-plug-in/cacti_inputs_outputs/tmp__8vnz90 >> /workspace/scratch/ae4887560717/timeloop-env/share/accelergy/estimation_plug_ins/accelergy-cacti-plug-in/cacti_inputs_outputs/tmpmxbjw89u 2>&1
2026-08-15 02:04:24 INFO        | Cache bandwidth: 8.0 bytes/cycle
2026-08-15 02:04:24 INFO        | Cache bandwidth: 38765559223.477394 bits/second
2026-08-15 02:04:24 INFO        | Global cycle time 1e-09 is less than the cache's random cycle time 1.65095e-09
2026-08-15 02:04:24 INFO        | Multiplying by n_instances 1
2026-08-15 02:04:24 INFO        
2026-08-15 02:04:24 INFO        ENERGY ESTIMATION for intadder(n_bits=14, precision=14, global_cycle_seconds=1e-09, action_latency_cycles=1, cycle_seconds=1e-09, technology=45nm, n_instances=1).leak(global_cycle_seconds=1e-09, action_latency_cycles=1, cycle_seconds=1e-09, technology=45nm, n_instances=1)
2026-08-15 02:04:24 INFO        Aladdin_table estimated 0.00100625p with accuracy 70%. Messages:
2026-08-15 02:04:24 INFO        | Multiplying by n_instances 1
2026-08-15 02:04:24 INFO        
2026-08-15 02:04:24 INFO        ENERGY ESTIMATION for SRAM(width=64, depth=16384, n_rdwr_ports=1, global_cycle_seconds=1e-09, action_latency_cycles=1, cycle_seconds=1e-09, technology=45nm, n_instances=1).write(global_cycle_seconds=1e-09, action_latency_cycles=1, cycle_seconds=1e-09, technology=45nm, n_instances=1)
2026-08-15 02:04:24 INFO        CactiSRAM estimated 2.6065000000000003e-11 with accuracy 80%. Messages:
2026-08-15 02:04:24 INFO        | Unused arguments (n_rdwr_ports, global_cycle_seconds, action_latency_cycles, cycle_seconds, n_instances) provided for ['SRAM', 'sram'].__init__. Arguments used: (width, depth, technology)
2026-08-15 02:04:24 INFO        | Unused arguments (global_cycle_seconds, action_latency_cycles, cycle_seconds, technology, n_instances) provided for ['SRAM', 'sram'].write. Arguments used: ()
2026-08-15 02:04:24 INFO        | Calling CACTI with cache_size=131072 n_rw_ports=1 block_size=8 tech_node_um=0.045 n_banks=1 tag_size=0 associativity=1
2026-08-15 02:04:24 INFO        | Calling CACTI with input path /workspace/scratch/ae4887560717/timeloop-env/share/accelergy/estimation_plug_ins/accelergy-cacti-plug-in/cacti_inputs_outputs/tmpp4sh0f1b
2026-08-15 02:04:24 INFO        | CACTI output will be written to /workspace/scratch/ae4887560717/timeloop-env/share/accelergy/estimation_plug_ins/accelergy-cacti-plug-in/cacti_inputs_outputs/tmpta3l65g8
2026-08-15 02:04:24 INFO        | CACTI executable not found at /workspace/scratch/ae4887560717/timeloop-env/share/accelergy/estimation_plug_ins/accelergy-cacti-plug-in/cacti/cacti
2026-08-15 02:04:24 INFO        | Calling: cd /workspace/scratch/ae4887560717/timeloop-env/share/accelergy/estimation_plug_ins/accelergy-cacti-plug-in ; ./cacti -infile /workspace/scratch/ae4887560717/timeloop-env/share/accelergy/estimation_plug_ins/accelergy-cacti-plug-in/cacti_inputs_outputs/tmpp4sh0f1b >> /workspace/scratch/ae4887560717/timeloop-env/share/accelergy/estimation_plug_ins/accelergy-cacti-plug-in/cacti_inputs_outputs/tmpta3l65g8 2>&1
2026-08-15 02:04:24 INFO        | Cache bandwidth: 8.0 bytes/cycle
2026-08-15 02:04:24 INFO        | Cache bandwidth: 38765559223.477394 bits/second
2026-08-15 02:04:24 INFO        
2026-08-15 02:04:24 INFO        ENERGY ESTIMATION for intadder(n_bits=14, precision=14, global_cycle_seconds=1e-09, action_latency_cycles=1, cycle_seconds=1e-09, technology=45nm, n_instances=1).add(global_cycle_seconds=1e-09, action_latency_cycles=1, cycle_seconds=1e-09, technology=45nm, n_instances=1)
2026-08-15 02:04:24 INFO        Aladdin_table estimated 0.091875p with accuracy 70%. 
2026-08-15 02:04:24 INFO        
2026-08-15 02:04:24 INFO        ENERGY ESTIMATION for aladdin_register(global_cycle_seconds=1e-09, action_latency_cycles=1, cycle_seconds=1e-09, technology=45nm, n_instances=1).write(global_cycle_seconds=1e-09, action_latency_cycles=1, cycle_seconds=1e-09, technology=45nm, n_instances=1)
2026-08-15 02:04:24 INFO        Library estimated 0.0p with accuracy 90%. Messages:
2026-08-15 02:04:24 INFO        | Found 1 entries for aladdin_register.write.
2026-08-15 02:04:24 INFO        | Checking entry "{'technology': '40nm', 'global_cycle_seconds': '1e-9', 'width|datawidth': '1', 'dynamic energy(pJ)': '0', 'area(um^2)': '5.98E+00', 'action': 'write', 'name': 'aladdin_register', 'n_instances': 1}
2026-08-15 02:04:24 INFO        | value=0.0, matching_attrs=2, log=['Scaling global_cycle_seconds from 1e-9 to 1e-09', 'Scaling technology from 40nm to 45nm', 'Scaled aladdin_register.global_cycle_seconds from 1e-09 to 1e-09: 1x energy', 'Scaled aladdin_register.technology from 40.0 to 45.0: 1.265241016612673x energy', 'aladdin_register energy has been scaled 1.265241016612673x']
2026-08-15 02:04:24 INFO        | Best-matching entry: {'technology': '40nm', 'global_cycle_seconds': '1e-9', 'width|datawidth': '1', 'dynamic energy(pJ)': '0', 'area(um^2)': '5.98E+00', 'action': 'write', 'name': 'aladdin_register', 'n_instances': 1}
2026-08-15 02:04:24 INFO        | Scaling global_cycle_seconds from 1e-9 to 1e-09
2026-08-15 02:04:24 INFO        | Scaling technology from 40nm to 45nm
2026-08-15 02:04:24 INFO        | Scaled aladdin_register.global_cycle_seconds from 1e-09 to 1e-09: 1x energy
2026-08-15 02:04:24 INFO        | Scaled aladdin_register.technology from 40.0 to 45.0: 1.265241016612673x energy
2026-08-15 02:04:24 INFO        | aladdin_register energy has been scaled 1.265241016612673x
2026-08-15 02:04:24 INFO        
2026-08-15 02:04:24 INFO        ENERGY ESTIMATION for aladdin_comparator(n_bits=6, global_cycle_seconds=1e-09, action_latency_cycles=1, cycle_seconds=1e-09, technology=45nm, n_instances=1).compare(global_cycle_seconds=1e-09, action_latency_cycles=1, cycle_seconds=1e-09, technology=45nm, n_instances=1)
2026-08-15 02:04:24 INFO        Library estimated 0.037286652759575475p with accuracy 90%. Messages:
2026-08-15 02:04:24 INFO        | Found 1 entries for aladdin_comparator.compare.
2026-08-15 02:04:24 INFO        | Checking entry "{'technology': '40nm', 'global_cycle_seconds': '1e-9', 'width|datawidth': '32', 'energy(pJ)': '0.02947', 'area(um^2)': '71', 'action': 'compare', 'name': 'aladdin_comparator', 'n_instances': 1}
2026-08-15 02:04:24 INFO        | value=0.02947, matching_attrs=2, log=['Scaling global_cycle_seconds from 1e-9 to 1e-09', 'Scaling technology from 40nm to 45nm', 'Scaled aladdin_comparator.global_cycle_seconds from 1e-09 to 1e-09: 1x energy', 'Scaled aladdin_comparator.technology from 40.0 to 45.0: 1.265241016612673x energy', 'aladdin_comparator energy has been scaled 1.265241016612673x']
2026-08-15 02:04:24 INFO        | Best-matching entry: {'technology': '40nm', 'global_cycle_seconds': '1e-9', 'width|datawidth': '32', 'energy(pJ)': '0.02947', 'area(um^2)': '71', 'action': 'compare', 'name': 'aladdin_comparator', 'n_instances': 1}
2026-08-15 02:04:24 INFO        | Scaling global_cycle_seconds from 1e-9 to 1e-09
2026-08-15 02:04:24 INFO        | Scaling technology from 40nm to 45nm
2026-08-15 02:04:24 INFO        | Scaled aladdin_comparator.global_cycle_seconds from 1e-09 to 1e-09: 1x energy
2026-08-15 02:04:24 INFO        | Scaled aladdin_comparator.technology from 40.0 to 45.0: 1.265241016612673x energy
2026-08-15 02:04:24 INFO        | aladdin_comparator energy has been scaled 1.265241016612673x
2026-08-15 02:04:24 INFO        
2026-08-15 02:04:24 INFO        ENERGY ESTIMATION for intadder(n_bits=4, precision=4, global_cycle_seconds=1e-09, action_latency_cycles=1, cycle_seconds=1e-09, technology=45nm, n_instances=1).add(global_cycle_seconds=1e-09, action_latency_cycles=1, cycle_seconds=1e-09, technology=45nm, n_instances=1)
2026-08-15 02:04:24 INFO        Aladdin_table estimated 0.02625p with accuracy 70%. 
2026-08-15 02:04:24 INFO        
2026-08-15 02:04:24 INFO        ENERGY ESTIMATION for aladdin_register(global_cycle_seconds=1e-09, action_latency_cycles=1, cycle_seconds=1e-09, technology=45nm, n_instances=1).read(global_cycle_seconds=1e-09, action_latency_cycles=1, cycle_seconds=1e-09, technology=45nm, n_instances=1)
2026-08-15 02:04:24 INFO        Library estimated 0.011387169149514056p with accuracy 90%. Messages:
2026-08-15 02:04:24 INFO        | Found 1 entries for aladdin_register.read.
2026-08-15 02:04:24 INFO        | Checking entry "{'technology': '40nm', 'global_cycle_seconds': '1e-9', 'width|datawidth': '1', 'dynamic energy(pJ)': '0.009', 'area(um^2)': '5.98E+00', 'action': 'read', 'name': 'aladdin_register', 'n_instances': 1}
2026-08-15 02:04:24 INFO        | value=0.009, matching_attrs=2, log=['Scaling global_cycle_seconds from 1e-9 to 1e-09', 'Scaling technology from 40nm to 45nm', 'Scaled aladdin_register.global_cycle_seconds from 1e-09 to 1e-09: 1x energy', 'Scaled aladdin_register.technology from 40.0 to 45.0: 1.265241016612673x energy', 'aladdin_register energy has been scaled 1.265241016612673x']
2026-08-15 02:04:24 INFO        | Best-matching entry: {'technology': '40nm', 'global_cycle_seconds': '1e-9', 'width|datawidth': '1', 'dynamic energy(pJ)': '0.009', 'area(um^2)': '5.98E+00', 'action': 'read', 'name': 'aladdin_register', 'n_instances': 1}
2026-08-15 02:04:24 INFO        | Scaling global_cycle_seconds from 1e-9 to 1e-09
2026-08-15 02:04:24 INFO        | Scaling technology from 40nm to 45nm
2026-08-15 02:04:24 INFO        | Scaled aladdin_register.global_cycle_seconds from 1e-09 to 1e-09: 1x energy
2026-08-15 02:04:24 INFO        | Scaled aladdin_register.technology from 40.0 to 45.0: 1.265241016612673x energy
2026-08-15 02:04:24 INFO        | aladdin_register energy has been scaled 1.265241016612673x
2026-08-15 02:04:24 INFO        
2026-08-15 02:04:24 INFO        ENERGY ESTIMATION for aladdin_comparator(n_bits=6, global_cycle_seconds=1e-09, action_latency_cycles=1, cycle_seconds=1e-09, technology=45nm, n_instances=1).compare(global_cycle_seconds=1e-09, action_latency_cycles=1, cycle_seconds=1e-09, technology=45nm, n_instances=1)
2026-08-15 02:04:24 INFO        Library estimated 0.037286652759575475p with accuracy 90%. Messages:
2026-08-15 02:04:24 INFO        | Found 1 entries for aladdin_comparator.compare.
2026-08-15 02:04:24 INFO        | Checking entry "{'technology': '40nm', 'global_cycle_seconds': '1e-9', 'width|datawidth': '32', 'energy(pJ)': '0.02947', 'area(um^2)': '71', 'action': 'compare', 'name': 'aladdin_comparator', 'n_instances': 1}
2026-08-15 02:04:24 INFO        | value=0.02947, matching_attrs=2, log=['Scaling global_cycle_seconds from 1e-9 to 1e-09', 'Scaling technology from 40nm to 45nm', 'Scaled aladdin_comparator.global_cycle_seconds from 1e-09 to 1e-09: 1x energy', 'Scaled aladdin_comparator.technology from 40.0 to 45.0: 1.265241016612673x energy', 'aladdin_comparator energy has been scaled 1.265241016612673x']
2026-08-15 02:04:24 INFO        | Best-matching entry: {'technology': '40nm', 'global_cycle_seconds': '1e-9', 'width|datawidth': '32', 'energy(pJ)': '0.02947', 'area(um^2)': '71', 'action': 'compare', 'name': 'aladdin_comparator', 'n_instances': 1}
2026-08-15 02:04:24 INFO        | Scaling global_cycle_seconds from 1e-9 to 1e-09
2026-08-15 02:04:24 INFO        | Scaling technology from 40nm to 45nm
2026-08-15 02:04:24 INFO        | Scaled aladdin_comparator.global_cycle_seconds from 1e-09 to 1e-09: 1x energy
2026-08-15 02:04:24 INFO        | Scaled aladdin_comparator.technology from 40.0 to 45.0: 1.265241016612673x energy
2026-08-15 02:04:24 INFO        | aladdin_comparator energy has been scaled 1.265241016612673x
2026-08-15 02:04:24 INFO        
2026-08-15 02:04:24 INFO        ENERGY ESTIMATION for intadder(n_bits=4, precision=4, global_cycle_seconds=1e-09, action_latency_cycles=1, cycle_seconds=1e-09, technology=45nm, n_instances=1).add(global_cycle_seconds=1e-09, action_latency_cycles=1, cycle_seconds=1e-09, technology=45nm, n_instances=1)
2026-08-15 02:04:24 INFO        Aladdin_table estimated 0.02625p with accuracy 70%. 
2026-08-15 02:04:24 INFO        
2026-08-15 02:04:24 INFO        ENERGY ESTIMATION for aladdin_register(global_cycle_seconds=1e-09, action_latency_cycles=1, cycle_seconds=1e-09, technology=45nm, n_instances=1).leak(global_cycle_seconds=1e-09, action_latency_cycles=1, cycle_seconds=1e-09, technology=45nm, n_instances=1)
2026-08-15 02:04:24 INFO        Library estimated 0.0p with accuracy 90%. Messages:
2026-08-15 02:04:24 INFO        | Found 1 entries for aladdin_register.leak.
2026-08-15 02:04:24 INFO        | Checking entry "{'technology': '40nm', 'global_cycle_seconds': '1e-9', 'width|datawidth': '1', 'dynamic energy(pJ)': '0', 'area(um^2)': '5.98E+00', 'action': 'leak', 'name': 'aladdin_register', 'n_instances': 1}
2026-08-15 02:04:24 INFO        | value=0.0, matching_attrs=2, log=['Scaling global_cycle_seconds from 1e-9 to 1e-09', 'Scaling technology from 40nm to 45nm', 'Scaled aladdin_register.global_cycle_seconds from 1e-09 to 1e-09: 1.0x leak', 'Scaled aladdin_register.technology from 40.0 to 45.0: 1.265241016612673x leak', 'aladdin_register leak has been scaled 1.265241016612673x']
2026-08-15 02:04:24 INFO        | Best-matching entry: {'technology': '40nm', 'global_cycle_seconds': '1e-9', 'width|datawidth': '1', 'dynamic energy(pJ)': '0', 'area(um^2)': '5.98E+00', 'action': 'leak', 'name': 'aladdin_register', 'n_instances': 1}
2026-08-15 02:04:24 INFO        | Scaling global_cycle_seconds from 1e-9 to 1e-09
2026-08-15 02:04:24 INFO        | Scaling technology from 40nm to 45nm
2026-08-15 02:04:24 INFO        | Scaled aladdin_register.global_cycle_seconds from 1e-09 to 1e-09: 1.0x leak
2026-08-15 02:04:24 INFO        | Scaled aladdin_register.technology from 40.0 to 45.0: 1.265241016612673x leak
2026-08-15 02:04:24 INFO        | aladdin_register leak has been scaled 1.265241016612673x
2026-08-15 02:04:24 INFO        | Multiplying by n_instances 1
2026-08-15 02:04:24 INFO        
2026-08-15 02:04:24 INFO        ENERGY ESTIMATION for aladdin_comparator(n_bits=6, global_cycle_seconds=1e-09, action_latency_cycles=1, cycle_seconds=1e-09, technology=45nm, n_instances=1).leak(global_cycle_seconds=1e-09, action_latency_cycles=1, cycle_seconds=1e-09, technology=45nm, n_instances=1)
2026-08-15 02:04:24 INFO        Library estimated 3.175754951697809e-05p with accuracy 90%. Messages:
2026-08-15 02:04:24 INFO        | Found 1 entries for aladdin_comparator.leak.
2026-08-15 02:04:24 INFO        | Checking entry "{'technology': '40nm', 'global_cycle_seconds': '1e-9', 'width|datawidth': '32', 'energy(pJ)': '2.51E-05', 'area(um^2)': '71', 'action': 'leak', 'name': 'aladdin_comparator', 'n_instances': 1}
2026-08-15 02:04:24 INFO        | value=2.51e-05, matching_attrs=2, log=['Scaling global_cycle_seconds from 1e-9 to 1e-09', 'Scaling technology from 40nm to 45nm', 'Scaled aladdin_comparator.global_cycle_seconds from 1e-09 to 1e-09: 1.0x leak', 'Scaled aladdin_comparator.technology from 40.0 to 45.0: 1.265241016612673x leak', 'aladdin_comparator leak has been scaled 1.265241016612673x']
2026-08-15 02:04:24 INFO        | Best-matching entry: {'technology': '40nm', 'global_cycle_seconds': '1e-9', 'width|datawidth': '32', 'energy(pJ)': '2.51E-05', 'area(um^2)': '71', 'action': 'leak', 'name': 'aladdin_comparator', 'n_instances': 1}
2026-08-15 02:04:24 INFO        | Scaling global_cycle_seconds from 1e-9 to 1e-09
2026-08-15 02:04:24 INFO        | Scaling technology from 40nm to 45nm
2026-08-15 02:04:24 INFO        | Scaled aladdin_comparator.global_cycle_seconds from 1e-09 to 1e-09: 1.0x leak
2026-08-15 02:04:24 INFO        | Scaled aladdin_comparator.technology from 40.0 to 45.0: 1.265241016612673x leak
2026-08-15 02:04:24 INFO        | aladdin_comparator leak has been scaled 1.265241016612673x
2026-08-15 02:04:24 INFO        | Multiplying by n_instances 1
2026-08-15 02:04:24 INFO        
2026-08-15 02:04:24 INFO        ENERGY ESTIMATION for intadder(n_bits=4, precision=4, global_cycle_seconds=1e-09, action_latency_cycles=1, cycle_seconds=1e-09, technology=45nm, n_instances=1).leak(global_cycle_seconds=1e-09, action_latency_cycles=1, cycle_seconds=1e-09, technology=45nm, n_instances=1)
2026-08-15 02:04:24 INFO        Aladdin_table estimated 0.0002875p with accuracy 70%. Messages:
2026-08-15 02:04:24 INFO        | Multiplying by n_instances 1
2026-08-15 02:04:24 INFO        
2026-08-15 02:04:24 INFO        ENERGY ESTIMATION for aladdin_register(global_cycle_seconds=1e-09, action_latency_cycles=1, cycle_seconds=1e-09, technology=45nm, n_instances=1).write(global_cycle_seconds=1e-09, action_latency_cycles=1, cycle_seconds=1e-09, technology=45nm, n_instances=1)
2026-08-15 02:04:24 INFO        Library estimated 0.0p with accuracy 90%. Messages:
2026-08-15 02:04:24 INFO        | Found 1 entries for aladdin_register.write.
2026-08-15 02:04:24 INFO        | Checking entry "{'technology': '40nm', 'global_cycle_seconds': '1e-9', 'width|datawidth': '1', 'dynamic energy(pJ)': '0', 'area(um^2)': '5.98E+00', 'action': 'write', 'name': 'aladdin_register', 'n_instances': 1}
2026-08-15 02:04:24 INFO        | value=0.0, matching_attrs=2, log=['Scaling global_cycle_seconds from 1e-9 to 1e-09', 'Scaling technology from 40nm to 45nm', 'Scaled aladdin_register.global_cycle_seconds from 1e-09 to 1e-09: 1x energy', 'Scaled aladdin_register.technology from 40.0 to 45.0: 1.265241016612673x energy', 'aladdin_register energy has been scaled 1.265241016612673x']
2026-08-15 02:04:24 INFO        | Best-matching entry: {'technology': '40nm', 'global_cycle_seconds': '1e-9', 'width|datawidth': '1', 'dynamic energy(pJ)': '0', 'area(um^2)': '5.98E+00', 'action': 'write', 'name': 'aladdin_register', 'n_instances': 1}
2026-08-15 02:04:24 INFO        | Scaling global_cycle_seconds from 1e-9 to 1e-09
2026-08-15 02:04:24 INFO        | Scaling technology from 40nm to 45nm
2026-08-15 02:04:24 INFO        | Scaled aladdin_register.global_cycle_seconds from 1e-09 to 1e-09: 1x energy
2026-08-15 02:04:24 INFO        | Scaled aladdin_register.technology from 40.0 to 45.0: 1.265241016612673x energy
2026-08-15 02:04:24 INFO        | aladdin_register energy has been scaled 1.265241016612673x
2026-08-15 02:04:24 INFO        
2026-08-15 02:04:24 INFO        ENERGY ESTIMATION for aladdin_comparator(n_bits=6, global_cycle_seconds=1e-09, action_latency_cycles=1, cycle_seconds=1e-09, technology=45nm, n_instances=1).compare(global_cycle_seconds=1e-09, action_latency_cycles=1, cycle_seconds=1e-09, technology=45nm, n_instances=1)
2026-08-15 02:04:24 INFO        Library estimated 0.037286652759575475p with accuracy 90%. Messages:
2026-08-15 02:04:24 INFO        | Found 1 entries for aladdin_comparator.compare.
2026-08-15 02:04:24 INFO        | Checking entry "{'technology': '40nm', 'global_cycle_seconds': '1e-9', 'width|datawidth': '32', 'energy(pJ)': '0.02947', 'area(um^2)': '71', 'action': 'compare', 'name': 'aladdin_comparator', 'n_instances': 1}
2026-08-15 02:04:24 INFO        | value=0.02947, matching_attrs=2, log=['Scaling global_cycle_seconds from 1e-9 to 1e-09', 'Scaling technology from 40nm to 45nm', 'Scaled aladdin_comparator.global_cycle_seconds from 1e-09 to 1e-09: 1x energy', 'Scaled aladdin_comparator.technology from 40.0 to 45.0: 1.265241016612673x energy', 'aladdin_comparator energy has been scaled 1.265241016612673x']
2026-08-15 02:04:24 INFO        | Best-matching entry: {'technology': '40nm', 'global_cycle_seconds': '1e-9', 'width|datawidth': '32', 'energy(pJ)': '0.02947', 'area(um^2)': '71', 'action': 'compare', 'name': 'aladdin_comparator', 'n_instances': 1}
2026-08-15 02:04:24 INFO        | Scaling global_cycle_seconds from 1e-9 to 1e-09
2026-08-15 02:04:24 INFO        | Scaling technology from 40nm to 45nm
2026-08-15 02:04:24 INFO        | Scaled aladdin_comparator.global_cycle_seconds from 1e-09 to 1e-09: 1x energy
2026-08-15 02:04:24 INFO        | Scaled aladdin_comparator.technology from 40.0 to 45.0: 1.265241016612673x energy
2026-08-15 02:04:24 INFO        | aladdin_comparator energy has been scaled 1.265241016612673x
2026-08-15 02:04:24 INFO        
2026-08-15 02:04:24 INFO        ENERGY ESTIMATION for intadder(n_bits=4, precision=4, global_cycle_seconds=1e-09, action_latency_cycles=1, cycle_seconds=1e-09, technology=45nm, n_instances=1).add(global_cycle_seconds=1e-09, action_latency_cycles=1, cycle_seconds=1e-09, technology=45nm, n_instances=1)
2026-08-15 02:04:24 INFO        Aladdin_table estimated 0.02625p with accuracy 70%. 
2026-08-15 02:04:24 INFO        
2026-08-15 02:04:24 INFO        ENERGY ESTIMATION for aladdin_register(global_cycle_seconds=1e-09, action_latency_cycles=1, cycle_seconds=1e-09, technology=45nm, n_instances=1).write(global_cycle_seconds=1e-09, action_latency_cycles=1, cycle_seconds=1e-09, technology=45nm, n_instances=1)
2026-08-15 02:04:24 INFO        Library estimated 0.0p with accuracy 90%. Messages:
2026-08-15 02:04:24 INFO        | Found 1 entries for aladdin_register.write.
2026-08-15 02:04:24 INFO        | Checking entry "{'technology': '40nm', 'global_cycle_seconds': '1e-9', 'width|datawidth': '1', 'dynamic energy(pJ)': '0', 'area(um^2)': '5.98E+00', 'action': 'write', 'name': 'aladdin_register', 'n_instances': 1}
2026-08-15 02:04:24 INFO        | value=0.0, matching_attrs=2, log=['Scaling global_cycle_seconds from 1e-9 to 1e-09', 'Scaling technology from 40nm to 45nm', 'Scaled aladdin_register.global_cycle_seconds from 1e-09 to 1e-09: 1x energy', 'Scaled aladdin_register.technology from 40.0 to 45.0: 1.265241016612673x energy', 'aladdin_register energy has been scaled 1.265241016612673x']
2026-08-15 02:04:24 INFO        | Best-matching entry: {'technology': '40nm', 'global_cycle_seconds': '1e-9', 'width|datawidth': '1', 'dynamic energy(pJ)': '0', 'area(um^2)': '5.98E+00', 'action': 'write', 'name': 'aladdin_register', 'n_instances': 1}
2026-08-15 02:04:24 INFO        | Scaling global_cycle_seconds from 1e-9 to 1e-09
2026-08-15 02:04:24 INFO        | Scaling technology from 40nm to 45nm
2026-08-15 02:04:24 INFO        | Scaled aladdin_register.global_cycle_seconds from 1e-09 to 1e-09: 1x energy
2026-08-15 02:04:24 INFO        | Scaled aladdin_register.technology from 40.0 to 45.0: 1.265241016612673x energy
2026-08-15 02:04:24 INFO        | aladdin_register energy has been scaled 1.265241016612673x
2026-08-15 02:04:24 INFO        
2026-08-15 02:04:24 INFO        ENERGY ESTIMATION for aladdin_comparator(n_bits=8, global_cycle_seconds=1e-09, action_latency_cycles=1, cycle_seconds=1e-09, technology=45nm, n_instances=1).compare(global_cycle_seconds=1e-09, action_latency_cycles=1, cycle_seconds=1e-09, technology=45nm, n_instances=1)
2026-08-15 02:04:24 INFO        Library estimated 0.037286652759575475p with accuracy 90%. Messages:
2026-08-15 02:04:24 INFO        | Found 1 entries for aladdin_comparator.compare.
2026-08-15 02:04:24 INFO        | Checking entry "{'technology': '40nm', 'global_cycle_seconds': '1e-9', 'width|datawidth': '32', 'energy(pJ)': '0.02947', 'area(um^2)': '71', 'action': 'compare', 'name': 'aladdin_comparator', 'n_instances': 1}
2026-08-15 02:04:24 INFO        | value=0.02947, matching_attrs=2, log=['Scaling global_cycle_seconds from 1e-9 to 1e-09', 'Scaling technology from 40nm to 45nm', 'Scaled aladdin_comparator.global_cycle_seconds from 1e-09 to 1e-09: 1x energy', 'Scaled aladdin_comparator.technology from 40.0 to 45.0: 1.265241016612673x energy', 'aladdin_comparator energy has been scaled 1.265241016612673x']
2026-08-15 02:04:24 INFO        | Best-matching entry: {'technology': '40nm', 'global_cycle_seconds': '1e-9', 'width|datawidth': '32', 'energy(pJ)': '0.02947', 'area(um^2)': '71', 'action': 'compare', 'name': 'aladdin_comparator', 'n_instances': 1}
2026-08-15 02:04:24 INFO        | Scaling global_cycle_seconds from 1e-9 to 1e-09
2026-08-15 02:04:24 INFO        | Scaling technology from 40nm to 45nm
2026-08-15 02:04:24 INFO        | Scaled aladdin_comparator.global_cycle_seconds from 1e-09 to 1e-09: 1x energy
2026-08-15 02:04:24 INFO        | Scaled aladdin_comparator.technology from 40.0 to 45.0: 1.265241016612673x energy
2026-08-15 02:04:24 INFO        | aladdin_comparator energy has been scaled 1.265241016612673x
2026-08-15 02:04:24 INFO        
2026-08-15 02:04:24 INFO        ENERGY ESTIMATION for intadder(n_bits=8, precision=8, global_cycle_seconds=1e-09, action_latency_cycles=1, cycle_seconds=1e-09, technology=45nm, n_instances=1).add(global_cycle_seconds=1e-09, action_latency_cycles=1, cycle_seconds=1e-09, technology=45nm, n_instances=1)
2026-08-15 02:04:24 INFO        Aladdin_table estimated 0.0525p with accuracy 70%. 
2026-08-15 02:04:24 INFO        
2026-08-15 02:04:24 INFO        ENERGY ESTIMATION for aladdin_register(global_cycle_seconds=1e-09, action_latency_cycles=1, cycle_seconds=1e-09, technology=45nm, n_instances=1).read(global_cycle_seconds=1e-09, action_latency_cycles=1, cycle_seconds=1e-09, technology=45nm, n_instances=1)
2026-08-15 02:04:24 INFO        Library estimated 0.011387169149514056p with accuracy 90%. Messages:
2026-08-15 02:04:24 INFO        | Found 1 entries for aladdin_register.read.
2026-08-15 02:04:24 INFO        | Checking entry "{'technology': '40nm', 'global_cycle_seconds': '1e-9', 'width|datawidth': '1', 'dynamic energy(pJ)': '0.009', 'area(um^2)': '5.98E+00', 'action': 'read', 'name': 'aladdin_register', 'n_instances': 1}
2026-08-15 02:04:24 INFO        | value=0.009, matching_attrs=2, log=['Scaling global_cycle_seconds from 1e-9 to 1e-09', 'Scaling technology from 40nm to 45nm', 'Scaled aladdin_register.global_cycle_seconds from 1e-09 to 1e-09: 1x energy', 'Scaled aladdin_register.technology from 40.0 to 45.0: 1.265241016612673x energy', 'aladdin_register energy has been scaled 1.265241016612673x']
2026-08-15 02:04:24 INFO        | Best-matching entry: {'technology': '40nm', 'global_cycle_seconds': '1e-9', 'width|datawidth': '1', 'dynamic energy(pJ)': '0.009', 'area(um^2)': '5.98E+00', 'action': 'read', 'name': 'aladdin_register', 'n_instances': 1}
2026-08-15 02:04:24 INFO        | Scaling global_cycle_seconds from 1e-9 to 1e-09
2026-08-15 02:04:24 INFO        | Scaling technology from 40nm to 45nm
2026-08-15 02:04:24 INFO        | Scaled aladdin_register.global_cycle_seconds from 1e-09 to 1e-09: 1x energy
2026-08-15 02:04:24 INFO        | Scaled aladdin_register.technology from 40.0 to 45.0: 1.265241016612673x energy
2026-08-15 02:04:24 INFO        | aladdin_register energy has been scaled 1.265241016612673x
2026-08-15 02:04:24 INFO        
2026-08-15 02:04:24 INFO        ENERGY ESTIMATION for aladdin_comparator(n_bits=8, global_cycle_seconds=1e-09, action_latency_cycles=1, cycle_seconds=1e-09, technology=45nm, n_instances=1).compare(global_cycle_seconds=1e-09, action_latency_cycles=1, cycle_seconds=1e-09, technology=45nm, n_instances=1)
2026-08-15 02:04:24 INFO        Library estimated 0.037286652759575475p with accuracy 90%. Messages:
2026-08-15 02:04:24 INFO        | Found 1 entries for aladdin_comparator.compare.
2026-08-15 02:04:24 INFO        | Checking entry "{'technology': '40nm', 'global_cycle_seconds': '1e-9', 'width|datawidth': '32', 'energy(pJ)': '0.02947', 'area(um^2)': '71', 'action': 'compare', 'name': 'aladdin_comparator', 'n_instances': 1}
2026-08-15 02:04:24 INFO        | value=0.02947, matching_attrs=2, log=['Scaling global_cycle_seconds from 1e-9 to 1e-09', 'Scaling technology from 40nm to 45nm', 'Scaled aladdin_comparator.global_cycle_seconds from 1e-09 to 1e-09: 1x energy', 'Scaled aladdin_comparator.technology from 40.0 to 45.0: 1.265241016612673x energy', 'aladdin_comparator energy has been scaled 1.265241016612673x']
2026-08-15 02:04:24 INFO        | Best-matching entry: {'technology': '40nm', 'global_cycle_seconds': '1e-9', 'width|datawidth': '32', 'energy(pJ)': '0.02947', 'area(um^2)': '71', 'action': 'compare', 'name': 'aladdin_comparator', 'n_instances': 1}
2026-08-15 02:04:24 INFO        | Scaling global_cycle_seconds from 1e-9 to 1e-09
2026-08-15 02:04:24 INFO        | Scaling technology from 40nm to 45nm
2026-08-15 02:04:24 INFO        | Scaled aladdin_comparator.global_cycle_seconds from 1e-09 to 1e-09: 1x energy
2026-08-15 02:04:24 INFO        | Scaled aladdin_comparator.technology from 40.0 to 45.0: 1.265241016612673x energy
2026-08-15 02:04:24 INFO        | aladdin_comparator energy has been scaled 1.265241016612673x
2026-08-15 02:04:24 INFO        
2026-08-15 02:04:24 INFO        ENERGY ESTIMATION for intadder(n_bits=8, precision=8, global_cycle_seconds=1e-09, action_latency_cycles=1, cycle_seconds=1e-09, technology=45nm, n_instances=1).add(global_cycle_seconds=1e-09, action_latency_cycles=1, cycle_seconds=1e-09, technology=45nm, n_instances=1)
2026-08-15 02:04:24 INFO        Aladdin_table estimated 0.0525p with accuracy 70%. 
2026-08-15 02:04:24 INFO        
2026-08-15 02:04:24 INFO        ENERGY ESTIMATION for aladdin_register(global_cycle_seconds=1e-09, action_latency_cycles=1, cycle_seconds=1e-09, technology=45nm, n_instances=1).leak(global_cycle_seconds=1e-09, action_latency_cycles=1, cycle_seconds=1e-09, technology=45nm, n_instances=1)
2026-08-15 02:04:24 INFO        Library estimated 0.0p with accuracy 90%. Messages:
2026-08-15 02:04:24 INFO        | Found 1 entries for aladdin_register.leak.
2026-08-15 02:04:24 INFO        | Checking entry "{'technology': '40nm', 'global_cycle_seconds': '1e-9', 'width|datawidth': '1', 'dynamic energy(pJ)': '0', 'area(um^2)': '5.98E+00', 'action': 'leak', 'name': 'aladdin_register', 'n_instances': 1}
2026-08-15 02:04:24 INFO        | value=0.0, matching_attrs=2, log=['Scaling global_cycle_seconds from 1e-9 to 1e-09', 'Scaling technology from 40nm to 45nm', 'Scaled aladdin_register.global_cycle_seconds from 1e-09 to 1e-09: 1.0x leak', 'Scaled aladdin_register.technology from 40.0 to 45.0: 1.265241016612673x leak', 'aladdin_register leak has been scaled 1.265241016612673x']
2026-08-15 02:04:24 INFO        | Best-matching entry: {'technology': '40nm', 'global_cycle_seconds': '1e-9', 'width|datawidth': '1', 'dynamic energy(pJ)': '0', 'area(um^2)': '5.98E+00', 'action': 'leak', 'name': 'aladdin_register', 'n_instances': 1}
2026-08-15 02:04:24 INFO        | Scaling global_cycle_seconds from 1e-9 to 1e-09
2026-08-15 02:04:24 INFO        | Scaling technology from 40nm to 45nm
2026-08-15 02:04:24 INFO        | Scaled aladdin_register.global_cycle_seconds from 1e-09 to 1e-09: 1.0x leak
2026-08-15 02:04:24 INFO        | Scaled aladdin_register.technology from 40.0 to 45.0: 1.265241016612673x leak
2026-08-15 02:04:24 INFO        | aladdin_register leak has been scaled 1.265241016612673x
2026-08-15 02:04:24 INFO        | Multiplying by n_instances 1
2026-08-15 02:04:24 INFO        
2026-08-15 02:04:24 INFO        ENERGY ESTIMATION for aladdin_comparator(n_bits=8, global_cycle_seconds=1e-09, action_latency_cycles=1, cycle_seconds=1e-09, technology=45nm, n_instances=1).leak(global_cycle_seconds=1e-09, action_latency_cycles=1, cycle_seconds=1e-09, technology=45nm, n_instances=1)
2026-08-15 02:04:24 INFO        Library estimated 3.175754951697809e-05p with accuracy 90%. Messages:
2026-08-15 02:04:24 INFO        | Found 1 entries for aladdin_comparator.leak.
2026-08-15 02:04:24 INFO        | Checking entry "{'technology': '40nm', 'global_cycle_seconds': '1e-9', 'width|datawidth': '32', 'energy(pJ)': '2.51E-05', 'area(um^2)': '71', 'action': 'leak', 'name': 'aladdin_comparator', 'n_instances': 1}
2026-08-15 02:04:24 INFO        | value=2.51e-05, matching_attrs=2, log=['Scaling global_cycle_seconds from 1e-9 to 1e-09', 'Scaling technology from 40nm to 45nm', 'Scaled aladdin_comparator.global_cycle_seconds from 1e-09 to 1e-09: 1.0x leak', 'Scaled aladdin_comparator.technology from 40.0 to 45.0: 1.265241016612673x leak', 'aladdin_comparator leak has been scaled 1.265241016612673x']
2026-08-15 02:04:24 INFO        | Best-matching entry: {'technology': '40nm', 'global_cycle_seconds': '1e-9', 'width|datawidth': '32', 'energy(pJ)': '2.51E-05', 'area(um^2)': '71', 'action': 'leak', 'name': 'aladdin_comparator', 'n_instances': 1}
2026-08-15 02:04:24 INFO        | Scaling global_cycle_seconds from 1e-9 to 1e-09
2026-08-15 02:04:24 INFO        | Scaling technology from 40nm to 45nm
2026-08-15 02:04:24 INFO        | Scaled aladdin_comparator.global_cycle_seconds from 1e-09 to 1e-09: 1.0x leak
2026-08-15 02:04:24 INFO        | Scaled aladdin_comparator.technology from 40.0 to 45.0: 1.265241016612673x leak
2026-08-15 02:04:24 INFO        | aladdin_comparator leak has been scaled 1.265241016612673x
2026-08-15 02:04:24 INFO        | Multiplying by n_instances 1
2026-08-15 02:04:24 INFO        
2026-08-15 02:04:24 INFO        ENERGY ESTIMATION for intadder(n_bits=8, precision=8, global_cycle_seconds=1e-09, action_latency_cycles=1, cycle_seconds=1e-09, technology=45nm, n_instances=1).leak(global_cycle_seconds=1e-09, action_latency_cycles=1, cycle_seconds=1e-09, technology=45nm, n_instances=1)
2026-08-15 02:04:24 INFO        Aladdin_table estimated 0.000575p with accuracy 70%. Messages:
2026-08-15 02:04:24 INFO        | Multiplying by n_instances 1
2026-08-15 02:04:24 INFO        
2026-08-15 02:04:24 INFO        ENERGY ESTIMATION for aladdin_register(global_cycle_seconds=1e-09, action_latency_cycles=1, cycle_seconds=1e-09, technology=45nm, n_instances=1).write(global_cycle_seconds=1e-09, action_latency_cycles=1, cycle_seconds=1e-09, technology=45nm, n_instances=1)
2026-08-15 02:04:24 INFO        Library estimated 0.0p with accuracy 90%. Messages:
2026-08-15 02:04:24 INFO        | Found 1 entries for aladdin_register.write.
2026-08-15 02:04:24 INFO        | Checking entry "{'technology': '40nm', 'global_cycle_seconds': '1e-9', 'width|datawidth': '1', 'dynamic energy(pJ)': '0', 'area(um^2)': '5.98E+00', 'action': 'write', 'name': 'aladdin_register', 'n_instances': 1}
2026-08-15 02:04:24 INFO        | value=0.0, matching_attrs=2, log=['Scaling global_cycle_seconds from 1e-9 to 1e-09', 'Scaling technology from 40nm to 45nm', 'Scaled aladdin_register.global_cycle_seconds from 1e-09 to 1e-09: 1x energy', 'Scaled aladdin_register.technology from 40.0 to 45.0: 1.265241016612673x energy', 'aladdin_register energy has been scaled 1.265241016612673x']
2026-08-15 02:04:24 INFO        | Best-matching entry: {'technology': '40nm', 'global_cycle_seconds': '1e-9', 'width|datawidth': '1', 'dynamic energy(pJ)': '0', 'area(um^2)': '5.98E+00', 'action': 'write', 'name': 'aladdin_register', 'n_instances': 1}
2026-08-15 02:04:24 INFO        | Scaling global_cycle_seconds from 1e-9 to 1e-09
2026-08-15 02:04:24 INFO        | Scaling technology from 40nm to 45nm
2026-08-15 02:04:24 INFO        | Scaled aladdin_register.global_cycle_seconds from 1e-09 to 1e-09: 1x energy
2026-08-15 02:04:24 INFO        | Scaled aladdin_register.technology from 40.0 to 45.0: 1.265241016612673x energy
2026-08-15 02:04:24 INFO        | aladdin_register energy has been scaled 1.265241016612673x
2026-08-15 02:04:24 INFO        
2026-08-15 02:04:24 INFO        ENERGY ESTIMATION for aladdin_comparator(n_bits=8, global_cycle_seconds=1e-09, action_latency_cycles=1, cycle_seconds=1e-09, technology=45nm, n_instances=1).compare(global_cycle_seconds=1e-09, action_latency_cycles=1, cycle_seconds=1e-09, technology=45nm, n_instances=1)
2026-08-15 02:04:24 INFO        Library estimated 0.037286652759575475p with accuracy 90%. Messages:
2026-08-15 02:04:24 INFO        | Found 1 entries for aladdin_comparator.compare.
2026-08-15 02:04:24 INFO        | Checking entry "{'technology': '40nm', 'global_cycle_seconds': '1e-9', 'width|datawidth': '32', 'energy(pJ)': '0.02947', 'area(um^2)': '71', 'action': 'compare', 'name': 'aladdin_comparator', 'n_instances': 1}
2026-08-15 02:04:24 INFO        | value=0.02947, matching_attrs=2, log=['Scaling global_cycle_seconds from 1e-9 to 1e-09', 'Scaling technology from 40nm to 45nm', 'Scaled aladdin_comparator.global_cycle_seconds from 1e-09 to 1e-09: 1x energy', 'Scaled aladdin_comparator.technology from 40.0 to 45.0: 1.265241016612673x energy', 'aladdin_comparator energy has been scaled 1.265241016612673x']
2026-08-15 02:04:24 INFO        | Best-matching entry: {'technology': '40nm', 'global_cycle_seconds': '1e-9', 'width|datawidth': '32', 'energy(pJ)': '0.02947', 'area(um^2)': '71', 'action': 'compare', 'name': 'aladdin_comparator', 'n_instances': 1}
2026-08-15 02:04:24 INFO        | Scaling global_cycle_seconds from 1e-9 to 1e-09
2026-08-15 02:04:24 INFO        | Scaling technology from 40nm to 45nm
2026-08-15 02:04:24 INFO        | Scaled aladdin_comparator.global_cycle_seconds from 1e-09 to 1e-09: 1x energy
2026-08-15 02:04:24 INFO        | Scaled aladdin_comparator.technology from 40.0 to 45.0: 1.265241016612673x energy
2026-08-15 02:04:24 INFO        | aladdin_comparator energy has been scaled 1.265241016612673x
2026-08-15 02:04:24 INFO        
2026-08-15 02:04:24 INFO        ENERGY ESTIMATION for intadder(n_bits=8, precision=8, global_cycle_seconds=1e-09, action_latency_cycles=1, cycle_seconds=1e-09, technology=45nm, n_instances=1).add(global_cycle_seconds=1e-09, action_latency_cycles=1, cycle_seconds=1e-09, technology=45nm, n_instances=1)
2026-08-15 02:04:24 INFO        Aladdin_table estimated 0.0525p with accuracy 70%. 
2026-08-15 02:04:24 INFO        
2026-08-15 02:04:24 INFO        ENERGY ESTIMATION for aladdin_register(global_cycle_seconds=1e-09, action_latency_cycles=1, cycle_seconds=1e-09, technology=45nm, n_instances=1).write(global_cycle_seconds=1e-09, action_latency_cycles=1, cycle_seconds=1e-09, technology=45nm, n_instances=1)
2026-08-15 02:04:24 INFO        Library estimated 0.0p with accuracy 90%. Messages:
2026-08-15 02:04:24 INFO        | Found 1 entries for aladdin_register.write.
2026-08-15 02:04:24 INFO        | Checking entry "{'technology': '40nm', 'global_cycle_seconds': '1e-9', 'width|datawidth': '1', 'dynamic energy(pJ)': '0', 'area(um^2)': '5.98E+00', 'action': 'write', 'name': 'aladdin_register', 'n_instances': 1}
2026-08-15 02:04:24 INFO        | value=0.0, matching_attrs=2, log=['Scaling global_cycle_seconds from 1e-9 to 1e-09', 'Scaling technology from 40nm to 45nm', 'Scaled aladdin_register.global_cycle_seconds from 1e-09 to 1e-09: 1x energy', 'Scaled aladdin_register.technology from 40.0 to 45.0: 1.265241016612673x energy', 'aladdin_register energy has been scaled 1.265241016612673x']
2026-08-15 02:04:24 INFO        | Best-matching entry: {'technology': '40nm', 'global_cycle_seconds': '1e-9', 'width|datawidth': '1', 'dynamic energy(pJ)': '0', 'area(um^2)': '5.98E+00', 'action': 'write', 'name': 'aladdin_register', 'n_instances': 1}
2026-08-15 02:04:24 INFO        | Scaling global_cycle_seconds from 1e-9 to 1e-09
2026-08-15 02:04:24 INFO        | Scaling technology from 40nm to 45nm
2026-08-15 02:04:24 INFO        | Scaled aladdin_register.global_cycle_seconds from 1e-09 to 1e-09: 1x energy
2026-08-15 02:04:24 INFO        | Scaled aladdin_register.technology from 40.0 to 45.0: 1.265241016612673x energy
2026-08-15 02:04:24 INFO        | aladdin_register energy has been scaled 1.265241016612673x
2026-08-15 02:04:24 INFO        
2026-08-15 02:04:24 INFO        ENERGY ESTIMATION for aladdin_comparator(n_bits=6, global_cycle_seconds=1e-09, action_latency_cycles=1, cycle_seconds=1e-09, technology=45nm, n_instances=1).compare(global_cycle_seconds=1e-09, action_latency_cycles=1, cycle_seconds=1e-09, technology=45nm, n_instances=1)
2026-08-15 02:04:24 INFO        Library estimated 0.037286652759575475p with accuracy 90%. Messages:
2026-08-15 02:04:24 INFO        | Found 1 entries for aladdin_comparator.compare.
2026-08-15 02:04:24 INFO        | Checking entry "{'technology': '40nm', 'global_cycle_seconds': '1e-9', 'width|datawidth': '32', 'energy(pJ)': '0.02947', 'area(um^2)': '71', 'action': 'compare', 'name': 'aladdin_comparator', 'n_instances': 1}
2026-08-15 02:04:24 INFO        | value=0.02947, matching_attrs=2, log=['Scaling global_cycle_seconds from 1e-9 to 1e-09', 'Scaling technology from 40nm to 45nm', 'Scaled aladdin_comparator.global_cycle_seconds from 1e-09 to 1e-09: 1x energy', 'Scaled aladdin_comparator.technology from 40.0 to 45.0: 1.265241016612673x energy', 'aladdin_comparator energy has been scaled 1.265241016612673x']
2026-08-15 02:04:24 INFO        | Best-matching entry: {'technology': '40nm', 'global_cycle_seconds': '1e-9', 'width|datawidth': '32', 'energy(pJ)': '0.02947', 'area(um^2)': '71', 'action': 'compare', 'name': 'aladdin_comparator', 'n_instances': 1}
2026-08-15 02:04:24 INFO        | Scaling global_cycle_seconds from 1e-9 to 1e-09
2026-08-15 02:04:24 INFO        | Scaling technology from 40nm to 45nm
2026-08-15 02:04:24 INFO        | Scaled aladdin_comparator.global_cycle_seconds from 1e-09 to 1e-09: 1x energy
2026-08-15 02:04:24 INFO        | Scaled aladdin_comparator.technology from 40.0 to 45.0: 1.265241016612673x energy
2026-08-15 02:04:24 INFO        | aladdin_comparator energy has been scaled 1.265241016612673x
2026-08-15 02:04:24 INFO        
2026-08-15 02:04:24 INFO        ENERGY ESTIMATION for intadder(n_bits=4, precision=4, global_cycle_seconds=1e-09, action_latency_cycles=1, cycle_seconds=1e-09, technology=45nm, n_instances=1).add(global_cycle_seconds=1e-09, action_latency_cycles=1, cycle_seconds=1e-09, technology=45nm, n_instances=1)
2026-08-15 02:04:24 INFO        Aladdin_table estimated 0.02625p with accuracy 70%. 
2026-08-15 02:04:24 INFO        
2026-08-15 02:04:24 INFO        ENERGY ESTIMATION for aladdin_register(global_cycle_seconds=1e-09, action_latency_cycles=1, cycle_seconds=1e-09, technology=45nm, n_instances=1).read(global_cycle_seconds=1e-09, action_latency_cycles=1, cycle_seconds=1e-09, technology=45nm, n_instances=1)
2026-08-15 02:04:24 INFO        Library estimated 0.011387169149514056p with accuracy 90%. Messages:
2026-08-15 02:04:24 INFO        | Found 1 entries for aladdin_register.read.
2026-08-15 02:04:24 INFO        | Checking entry "{'technology': '40nm', 'global_cycle_seconds': '1e-9', 'width|datawidth': '1', 'dynamic energy(pJ)': '0.009', 'area(um^2)': '5.98E+00', 'action': 'read', 'name': 'aladdin_register', 'n_instances': 1}
2026-08-15 02:04:24 INFO        | value=0.009, matching_attrs=2, log=['Scaling global_cycle_seconds from 1e-9 to 1e-09', 'Scaling technology from 40nm to 45nm', 'Scaled aladdin_register.global_cycle_seconds from 1e-09 to 1e-09: 1x energy', 'Scaled aladdin_register.technology from 40.0 to 45.0: 1.265241016612673x energy', 'aladdin_register energy has been scaled 1.265241016612673x']
2026-08-15 02:04:24 INFO        | Best-matching entry: {'technology': '40nm', 'global_cycle_seconds': '1e-9', 'width|datawidth': '1', 'dynamic energy(pJ)': '0.009', 'area(um^2)': '5.98E+00', 'action': 'read', 'name': 'aladdin_register', 'n_instances': 1}
2026-08-15 02:04:24 INFO        | Scaling global_cycle_seconds from 1e-9 to 1e-09
2026-08-15 02:04:24 INFO        | Scaling technology from 40nm to 45nm
2026-08-15 02:04:24 INFO        | Scaled aladdin_register.global_cycle_seconds from 1e-09 to 1e-09: 1x energy
2026-08-15 02:04:24 INFO        | Scaled aladdin_register.technology from 40.0 to 45.0: 1.265241016612673x energy
2026-08-15 02:04:24 INFO        | aladdin_register energy has been scaled 1.265241016612673x
2026-08-15 02:04:24 INFO        
2026-08-15 02:04:24 INFO        ENERGY ESTIMATION for aladdin_comparator(n_bits=6, global_cycle_seconds=1e-09, action_latency_cycles=1, cycle_seconds=1e-09, technology=45nm, n_instances=1).compare(global_cycle_seconds=1e-09, action_latency_cycles=1, cycle_seconds=1e-09, technology=45nm, n_instances=1)
2026-08-15 02:04:24 INFO        Library estimated 0.037286652759575475p with accuracy 90%. Messages:
2026-08-15 02:04:24 INFO        | Found 1 entries for aladdin_comparator.compare.
2026-08-15 02:04:24 INFO        | Checking entry "{'technology': '40nm', 'global_cycle_seconds': '1e-9', 'width|datawidth': '32', 'energy(pJ)': '0.02947', 'area(um^2)': '71', 'action': 'compare', 'name': 'aladdin_comparator', 'n_instances': 1}
2026-08-15 02:04:24 INFO        | value=0.02947, matching_attrs=2, log=['Scaling global_cycle_seconds from 1e-9 to 1e-09', 'Scaling technology from 40nm to 45nm', 'Scaled aladdin_comparator.global_cycle_seconds from 1e-09 to 1e-09: 1x energy', 'Scaled aladdin_comparator.technology from 40.0 to 45.0: 1.265241016612673x energy', 'aladdin_comparator energy has been scaled 1.265241016612673x']
2026-08-15 02:04:24 INFO        | Best-matching entry: {'technology': '40nm', 'global_cycle_seconds': '1e-9', 'width|datawidth': '32', 'energy(pJ)': '0.02947', 'area(um^2)': '71', 'action': 'compare', 'name': 'aladdin_comparator', 'n_instances': 1}
2026-08-15 02:04:24 INFO        | Scaling global_cycle_seconds from 1e-9 to 1e-09
2026-08-15 02:04:24 INFO        | Scaling technology from 40nm to 45nm
2026-08-15 02:04:24 INFO        | Scaled aladdin_comparator.global_cycle_seconds from 1e-09 to 1e-09: 1x energy
2026-08-15 02:04:24 INFO        | Scaled aladdin_comparator.technology from 40.0 to 45.0: 1.265241016612673x energy
2026-08-15 02:04:24 INFO        | aladdin_comparator energy has been scaled 1.265241016612673x
2026-08-15 02:04:24 INFO        
2026-08-15 02:04:24 INFO        ENERGY ESTIMATION for intadder(n_bits=4, precision=4, global_cycle_seconds=1e-09, action_latency_cycles=1, cycle_seconds=1e-09, technology=45nm, n_instances=1).add(global_cycle_seconds=1e-09, action_latency_cycles=1, cycle_seconds=1e-09, technology=45nm, n_instances=1)
2026-08-15 02:04:24 INFO        Aladdin_table estimated 0.02625p with accuracy 70%. 
2026-08-15 02:04:24 INFO        
2026-08-15 02:04:24 INFO        ENERGY ESTIMATION for aladdin_register(global_cycle_seconds=1e-09, action_latency_cycles=1, cycle_seconds=1e-09, technology=45nm, n_instances=1).leak(global_cycle_seconds=1e-09, action_latency_cycles=1, cycle_seconds=1e-09, technology=45nm, n_instances=1)
2026-08-15 02:04:24 INFO        Library estimated 0.0p with accuracy 90%. Messages:
2026-08-15 02:04:24 INFO        | Found 1 entries for aladdin_register.leak.
2026-08-15 02:04:24 INFO        | Checking entry "{'technology': '40nm', 'global_cycle_seconds': '1e-9', 'width|datawidth': '1', 'dynamic energy(pJ)': '0', 'area(um^2)': '5.98E+00', 'action': 'leak', 'name': 'aladdin_register', 'n_instances': 1}
2026-08-15 02:04:24 INFO        | value=0.0, matching_attrs=2, log=['Scaling global_cycle_seconds from 1e-9 to 1e-09', 'Scaling technology from 40nm to 45nm', 'Scaled aladdin_register.global_cycle_seconds from 1e-09 to 1e-09: 1.0x leak', 'Scaled aladdin_register.technology from 40.0 to 45.0: 1.265241016612673x leak', 'aladdin_register leak has been scaled 1.265241016612673x']
2026-08-15 02:04:24 INFO        | Best-matching entry: {'technology': '40nm', 'global_cycle_seconds': '1e-9', 'width|datawidth': '1', 'dynamic energy(pJ)': '0', 'area(um^2)': '5.98E+00', 'action': 'leak', 'name': 'aladdin_register', 'n_instances': 1}
2026-08-15 02:04:24 INFO        | Scaling global_cycle_seconds from 1e-9 to 1e-09
2026-08-15 02:04:24 INFO        | Scaling technology from 40nm to 45nm
2026-08-15 02:04:24 INFO        | Scaled aladdin_register.global_cycle_seconds from 1e-09 to 1e-09: 1.0x leak
2026-08-15 02:04:24 INFO        | Scaled aladdin_register.technology from 40.0 to 45.0: 1.265241016612673x leak
2026-08-15 02:04:24 INFO        | aladdin_register leak has been scaled 1.265241016612673x
2026-08-15 02:04:24 INFO        | Multiplying by n_instances 1
2026-08-15 02:04:24 INFO        
2026-08-15 02:04:24 INFO        ENERGY ESTIMATION for aladdin_comparator(n_bits=6, global_cycle_seconds=1e-09, action_latency_cycles=1, cycle_seconds=1e-09, technology=45nm, n_instances=1).leak(global_cycle_seconds=1e-09, action_latency_cycles=1, cycle_seconds=1e-09, technology=45nm, n_instances=1)
2026-08-15 02:04:24 INFO        Library estimated 3.175754951697809e-05p with accuracy 90%. Messages:
2026-08-15 02:04:24 INFO        | Found 1 entries for aladdin_comparator.leak.
2026-08-15 02:04:24 INFO        | Checking entry "{'technology': '40nm', 'global_cycle_seconds': '1e-9', 'width|datawidth': '32', 'energy(pJ)': '2.51E-05', 'area(um^2)': '71', 'action': 'leak', 'name': 'aladdin_comparator', 'n_instances': 1}
2026-08-15 02:04:24 INFO        | value=2.51e-05, matching_attrs=2, log=['Scaling global_cycle_seconds from 1e-9 to 1e-09', 'Scaling technology from 40nm to 45nm', 'Scaled aladdin_comparator.global_cycle_seconds from 1e-09 to 1e-09: 1.0x leak', 'Scaled aladdin_comparator.technology from 40.0 to 45.0: 1.265241016612673x leak', 'aladdin_comparator leak has been scaled 1.265241016612673x']
2026-08-15 02:04:24 INFO        | Best-matching entry: {'technology': '40nm', 'global_cycle_seconds': '1e-9', 'width|datawidth': '32', 'energy(pJ)': '2.51E-05', 'area(um^2)': '71', 'action': 'leak', 'name': 'aladdin_comparator', 'n_instances': 1}
2026-08-15 02:04:24 INFO        | Scaling global_cycle_seconds from 1e-9 to 1e-09
2026-08-15 02:04:24 INFO        | Scaling technology from 40nm to 45nm
2026-08-15 02:04:24 INFO        | Scaled aladdin_comparator.global_cycle_seconds from 1e-09 to 1e-09: 1.0x leak
2026-08-15 02:04:24 INFO        | Scaled aladdin_comparator.technology from 40.0 to 45.0: 1.265241016612673x leak
2026-08-15 02:04:24 INFO        | aladdin_comparator leak has been scaled 1.265241016612673x
2026-08-15 02:04:24 INFO        | Multiplying by n_instances 1
2026-08-15 02:04:24 INFO        
2026-08-15 02:04:24 INFO        ENERGY ESTIMATION for intadder(n_bits=4, precision=4, global_cycle_seconds=1e-09, action_latency_cycles=1, cycle_seconds=1e-09, technology=45nm, n_instances=1).leak(global_cycle_seconds=1e-09, action_latency_cycles=1, cycle_seconds=1e-09, technology=45nm, n_instances=1)
2026-08-15 02:04:24 INFO        Aladdin_table estimated 0.0002875p with accuracy 70%. Messages:
2026-08-15 02:04:24 INFO        | Multiplying by n_instances 1
2026-08-15 02:04:24 INFO        
2026-08-15 02:04:24 INFO        ENERGY ESTIMATION for aladdin_register(global_cycle_seconds=1e-09, action_latency_cycles=1, cycle_seconds=1e-09, technology=45nm, n_instances=1).write(global_cycle_seconds=1e-09, action_latency_cycles=1, cycle_seconds=1e-09, technology=45nm, n_instances=1)
2026-08-15 02:04:24 INFO        Library estimated 0.0p with accuracy 90%. Messages:
2026-08-15 02:04:24 INFO        | Found 1 entries for aladdin_register.write.
2026-08-15 02:04:24 INFO        | Checking entry "{'technology': '40nm', 'global_cycle_seconds': '1e-9', 'width|datawidth': '1', 'dynamic energy(pJ)': '0', 'area(um^2)': '5.98E+00', 'action': 'write', 'name': 'aladdin_register', 'n_instances': 1}
2026-08-15 02:04:24 INFO        | value=0.0, matching_attrs=2, log=['Scaling global_cycle_seconds from 1e-9 to 1e-09', 'Scaling technology from 40nm to 45nm', 'Scaled aladdin_register.global_cycle_seconds from 1e-09 to 1e-09: 1x energy', 'Scaled aladdin_register.technology from 40.0 to 45.0: 1.265241016612673x energy', 'aladdin_register energy has been scaled 1.265241016612673x']
2026-08-15 02:04:24 INFO        | Best-matching entry: {'technology': '40nm', 'global_cycle_seconds': '1e-9', 'width|datawidth': '1', 'dynamic energy(pJ)': '0', 'area(um^2)': '5.98E+00', 'action': 'write', 'name': 'aladdin_register', 'n_instances': 1}
2026-08-15 02:04:24 INFO        | Scaling global_cycle_seconds from 1e-9 to 1e-09
2026-08-15 02:04:24 INFO        | Scaling technology from 40nm to 45nm
2026-08-15 02:04:24 INFO        | Scaled aladdin_register.global_cycle_seconds from 1e-09 to 1e-09: 1x energy
2026-08-15 02:04:24 INFO        | Scaled aladdin_register.technology from 40.0 to 45.0: 1.265241016612673x energy
2026-08-15 02:04:24 INFO        | aladdin_register energy has been scaled 1.265241016612673x
2026-08-15 02:04:24 INFO        
2026-08-15 02:04:24 INFO        ENERGY ESTIMATION for aladdin_comparator(n_bits=6, global_cycle_seconds=1e-09, action_latency_cycles=1, cycle_seconds=1e-09, technology=45nm, n_instances=1).compare(global_cycle_seconds=1e-09, action_latency_cycles=1, cycle_seconds=1e-09, technology=45nm, n_instances=1)
2026-08-15 02:04:24 INFO        Library estimated 0.037286652759575475p with accuracy 90%. Messages:
2026-08-15 02:04:24 INFO        | Found 1 entries for aladdin_comparator.compare.
2026-08-15 02:04:24 INFO        | Checking entry "{'technology': '40nm', 'global_cycle_seconds': '1e-9', 'width|datawidth': '32', 'energy(pJ)': '0.02947', 'area(um^2)': '71', 'action': 'compare', 'name': 'aladdin_comparator', 'n_instances': 1}
2026-08-15 02:04:24 INFO        | value=0.02947, matching_attrs=2, log=['Scaling global_cycle_seconds from 1e-9 to 1e-09', 'Scaling technology from 40nm to 45nm', 'Scaled aladdin_comparator.global_cycle_seconds from 1e-09 to 1e-09: 1x energy', 'Scaled aladdin_comparator.technology from 40.0 to 45.0: 1.265241016612673x energy', 'aladdin_comparator energy has been scaled 1.265241016612673x']
2026-08-15 02:04:24 INFO        | Best-matching entry: {'technology': '40nm', 'global_cycle_seconds': '1e-9', 'width|datawidth': '32', 'energy(pJ)': '0.02947', 'area(um^2)': '71', 'action': 'compare', 'name': 'aladdin_comparator', 'n_instances': 1}
2026-08-15 02:04:24 INFO        | Scaling global_cycle_seconds from 1e-9 to 1e-09
2026-08-15 02:04:24 INFO        | Scaling technology from 40nm to 45nm
2026-08-15 02:04:24 INFO        | Scaled aladdin_comparator.global_cycle_seconds from 1e-09 to 1e-09: 1x energy
2026-08-15 02:04:24 INFO        | Scaled aladdin_comparator.technology from 40.0 to 45.0: 1.265241016612673x energy
2026-08-15 02:04:24 INFO        | aladdin_comparator energy has been scaled 1.265241016612673x
2026-08-15 02:04:24 INFO        
2026-08-15 02:04:24 INFO        ENERGY ESTIMATION for intadder(n_bits=4, precision=4, global_cycle_seconds=1e-09, action_latency_cycles=1, cycle_seconds=1e-09, technology=45nm, n_instances=1).add(global_cycle_seconds=1e-09, action_latency_cycles=1, cycle_seconds=1e-09, technology=45nm, n_instances=1)
2026-08-15 02:04:24 INFO        Aladdin_table estimated 0.02625p with accuracy 70%. 
2026-08-15 02:04:24 INFO        
2026-08-15 02:04:24 INFO        ENERGY ESTIMATION for aladdin_adder(width=16, global_cycle_seconds=1e-09, action_latency_cycles=1, cycle_seconds=1e-09, technology=45nm, n_instances=1).read(global_cycle_seconds=1e-09, action_latency_cycles=1, cycle_seconds=1e-09, technology=45nm, n_instances=1)
2026-08-15 02:04:24 INFO        Library estimated 0.13285030674433068p with accuracy 90%. Messages:
2026-08-15 02:04:24 INFO        | Found 1 entries for aladdin_adder.read.
2026-08-15 02:04:24 INFO        | Checking entry "{'technology': '40nm', 'global_cycle_seconds': '1e-9', 'width|datawidth': '32', 'energy': '0.21', 'area': '2.78E+02', 'action': 'read', 'name': 'aladdin_adder', 'n_instances': 1}
2026-08-15 02:04:24 INFO        | value=0.21, matching_attrs=2, log=['Scaling width from 32 to 16', 'Scaling global_cycle_seconds from 1e-9 to 1e-09', 'Scaling technology from 40nm to 45nm', 'Scaled aladdin_adder.width from 32.0 to 16.0: 0.5x energy', 'Scaled aladdin_adder.global_cycle_seconds from 1e-09 to 1e-09: 1x energy', 'Scaled aladdin_adder.technology from 40.0 to 45.0: 1.265241016612673x energy', 'aladdin_adder energy has been scaled 0.6326205083063365x']
2026-08-15 02:04:24 INFO        | Best-matching entry: {'technology': '40nm', 'global_cycle_seconds': '1e-9', 'width|datawidth': '32', 'energy': '0.21', 'area': '2.78E+02', 'action': 'read', 'name': 'aladdin_adder', 'n_instances': 1}
2026-08-15 02:04:24 INFO        | Scaling width from 32 to 16
2026-08-15 02:04:24 INFO        | Scaling global_cycle_seconds from 1e-9 to 1e-09
2026-08-15 02:04:24 INFO        | Scaling technology from 40nm to 45nm
2026-08-15 02:04:24 INFO        | Scaled aladdin_adder.width from 32.0 to 16.0: 0.5x energy
2026-08-15 02:04:24 INFO        | Scaled aladdin_adder.global_cycle_seconds from 1e-09 to 1e-09: 1x energy
2026-08-15 02:04:24 INFO        | Scaled aladdin_adder.technology from 40.0 to 45.0: 1.265241016612673x energy
2026-08-15 02:04:24 INFO        | aladdin_adder energy has been scaled 0.6326205083063365x
2026-08-15 02:04:24 INFO        
2026-08-15 02:04:24 INFO        ENERGY ESTIMATION for aladdin_adder(width_a=8, width_b=8, global_cycle_seconds=1e-09, action_latency_cycles=1, cycle_seconds=1e-09, technology=45nm, n_instances=1).read(global_cycle_seconds=1e-09, action_latency_cycles=1, cycle_seconds=1e-09, technology=45nm, n_instances=1)
2026-08-15 02:04:24 INFO        Library estimated 0.26570061348866136p with accuracy 90%. Messages:
2026-08-15 02:04:24 INFO        | Found 1 entries for aladdin_adder.read.
2026-08-15 02:04:24 INFO        | Checking entry "{'technology': '40nm', 'global_cycle_seconds': '1e-9', 'width|datawidth': '32', 'energy': '0.21', 'area': '2.78E+02', 'action': 'read', 'name': 'aladdin_adder', 'n_instances': 1}
2026-08-15 02:04:24 INFO        | value=0.21, matching_attrs=2, log=['Scaling global_cycle_seconds from 1e-9 to 1e-09', 'Scaling technology from 40nm to 45nm', 'Scaled aladdin_adder.global_cycle_seconds from 1e-09 to 1e-09: 1x energy', 'Scaled aladdin_adder.technology from 40.0 to 45.0: 1.265241016612673x energy', 'aladdin_adder energy has been scaled 1.265241016612673x']
2026-08-15 02:04:24 INFO        | Best-matching entry: {'technology': '40nm', 'global_cycle_seconds': '1e-9', 'width|datawidth': '32', 'energy': '0.21', 'area': '2.78E+02', 'action': 'read', 'name': 'aladdin_adder', 'n_instances': 1}
2026-08-15 02:04:24 INFO        | Scaling global_cycle_seconds from 1e-9 to 1e-09
2026-08-15 02:04:24 INFO        | Scaling technology from 40nm to 45nm
2026-08-15 02:04:24 INFO        | Scaled aladdin_adder.global_cycle_seconds from 1e-09 to 1e-09: 1x energy
2026-08-15 02:04:24 INFO        | Scaled aladdin_adder.technology from 40.0 to 45.0: 1.265241016612673x energy
2026-08-15 02:04:24 INFO        | aladdin_adder energy has been scaled 1.265241016612673x
2026-08-15 02:04:24 INFO        
2026-08-15 02:04:24 INFO        ENERGY ESTIMATION for aladdin_adder(width=16, global_cycle_seconds=1e-09, action_latency_cycles=1, cycle_seconds=1e-09, technology=45nm, n_instances=1).leak(global_cycle_seconds=1e-09, action_latency_cycles=1, cycle_seconds=1e-09, technology=45nm, n_instances=1)
2026-08-15 02:04:24 INFO        Library estimated 0.0015182892199352076p with accuracy 90%. Messages:
2026-08-15 02:04:24 INFO        | Found 1 entries for aladdin_adder.leak.
2026-08-15 02:04:24 INFO        | Checking entry "{'technology': '40nm', 'global_cycle_seconds': '1e-9', 'width|datawidth': '32', 'energy': '0.0024', 'area': '2.78E+02', 'action': 'leak', 'name': 'aladdin_adder', 'n_instances': 1}
2026-08-15 02:04:24 INFO        | value=0.0024, matching_attrs=2, log=['Scaling width from 32 to 16', 'Scaling global_cycle_seconds from 1e-9 to 1e-09', 'Scaling technology from 40nm to 45nm', 'Scaled aladdin_adder.width from 32.0 to 16.0: 0.5x leak', 'Scaled aladdin_adder.global_cycle_seconds from 1e-09 to 1e-09: 1.0x leak', 'Scaled aladdin_adder.technology from 40.0 to 45.0: 1.265241016612673x leak', 'aladdin_adder leak has been scaled 0.6326205083063365x']
2026-08-15 02:04:24 INFO        | Best-matching entry: {'technology': '40nm', 'global_cycle_seconds': '1e-9', 'width|datawidth': '32', 'energy': '0.0024', 'area': '2.78E+02', 'action': 'leak', 'name': 'aladdin_adder', 'n_instances': 1}
2026-08-15 02:04:24 INFO        | Scaling width from 32 to 16
2026-08-15 02:04:24 INFO        | Scaling global_cycle_seconds from 1e-9 to 1e-09
2026-08-15 02:04:24 INFO        | Scaling technology from 40nm to 45nm
2026-08-15 02:04:24 INFO        | Scaled aladdin_adder.width from 32.0 to 16.0: 0.5x leak
2026-08-15 02:04:24 INFO        | Scaled aladdin_adder.global_cycle_seconds from 1e-09 to 1e-09: 1.0x leak
2026-08-15 02:04:24 INFO        | Scaled aladdin_adder.technology from 40.0 to 45.0: 1.265241016612673x leak
2026-08-15 02:04:24 INFO        | aladdin_adder leak has been scaled 0.6326205083063365x
2026-08-15 02:04:24 INFO        | Multiplying by n_instances 1
2026-08-15 02:04:24 INFO        
2026-08-15 02:04:24 INFO        ENERGY ESTIMATION for aladdin_adder(width_a=8, width_b=8, global_cycle_seconds=1e-09, action_latency_cycles=1, cycle_seconds=1e-09, technology=45nm, n_instances=1).leak(global_cycle_seconds=1e-09, action_latency_cycles=1, cycle_seconds=1e-09, technology=45nm, n_instances=1)
2026-08-15 02:04:24 INFO        Library estimated 0.003036578439870415p with accuracy 90%. Messages:
2026-08-15 02:04:24 INFO        | Found 1 entries for aladdin_adder.leak.
2026-08-15 02:04:24 INFO        | Checking entry "{'technology': '40nm', 'global_cycle_seconds': '1e-9', 'width|datawidth': '32', 'energy': '0.0024', 'area': '2.78E+02', 'action': 'leak', 'name': 'aladdin_adder', 'n_instances': 1}
2026-08-15 02:04:24 INFO        | value=0.0024, matching_attrs=2, log=['Scaling global_cycle_seconds from 1e-9 to 1e-09', 'Scaling technology from 40nm to 45nm', 'Scaled aladdin_adder.global_cycle_seconds from 1e-09 to 1e-09: 1.0x leak', 'Scaled aladdin_adder.technology from 40.0 to 45.0: 1.265241016612673x leak', 'aladdin_adder leak has been scaled 1.265241016612673x']
2026-08-15 02:04:24 INFO        | Best-matching entry: {'technology': '40nm', 'global_cycle_seconds': '1e-9', 'width|datawidth': '32', 'energy': '0.0024', 'area': '2.78E+02', 'action': 'leak', 'name': 'aladdin_adder', 'n_instances': 1}
2026-08-15 02:04:24 INFO        | Scaling global_cycle_seconds from 1e-9 to 1e-09
2026-08-15 02:04:24 INFO        | Scaling technology from 40nm to 45nm
2026-08-15 02:04:24 INFO        | Scaled aladdin_adder.global_cycle_seconds from 1e-09 to 1e-09: 1.0x leak
2026-08-15 02:04:24 INFO        | Scaled aladdin_adder.technology from 40.0 to 45.0: 1.265241016612673x leak
2026-08-15 02:04:24 INFO        | aladdin_adder leak has been scaled 1.265241016612673x
2026-08-15 02:04:24 INFO        | Multiplying by n_instances 1
2026-08-15 02:04:24 WARNING     No action counts are specified as yaml input
2026-08-15 02:04:24 INFO        
2026-08-15 02:04:24 INFO        AREA ESTIMATION for dummy_storage(width=1, depth=1, datawidth=1, technology=-1, has_power_gating=False, n_banks=2, cluster_size=1, reduction_supported=True, multiple_buffering=1, min_utilization=0, allow_overbooking=False, meshX=1, meshY=1, version=0.4, PSUM_DATAWIDTH=16, INPUT_WEIGHT_DATAWIDTH=8, global_cycle_seconds=1e-09, action_latency_cycles=1, cycle_seconds=1e-09, n_instances=1)
2026-08-15 02:04:24 INFO        Library estimated 0.0u^2 with accuracy 90%. Messages:
2026-08-15 02:04:24 INFO        | Found 5 entries for dummy_storage.
2026-08-15 02:04:24 INFO        | Checking entry "{'global_cycle_seconds': '1e-9', 'energy': '0', 'area': '0', 'n_instances': '1', 'action': 'read', 'name': 'dummy_storage'}
2026-08-15 02:04:24 INFO        | value=0.0, matching_attrs=2, log=['Scaling global_cycle_seconds from 1e-9 to 1e-09', 'Scaled dummy_storage.global_cycle_seconds from 1e-09 to 1e-09: 1x area', 'dummy_storage area has been scaled 1x']
2026-08-15 02:04:24 INFO        | Checking entry "{'global_cycle_seconds': '1e-9', 'energy': '0', 'area': '0', 'n_instances': '1', 'action': 'update', 'name': 'dummy_storage'}
2026-08-15 02:04:24 INFO        | value=0.0, matching_attrs=2, log=['Scaling global_cycle_seconds from 1e-9 to 1e-09', 'Scaled dummy_storage.global_cycle_seconds from 1e-09 to 1e-09: 1x area', 'dummy_storage area has been scaled 1x']
2026-08-15 02:04:24 INFO        | Checking entry "{'global_cycle_seconds': '1e-9', 'energy': '0', 'area': '0', 'n_instances': '1', 'action': 'leak', 'name': 'dummy_storage'}
2026-08-15 02:04:24 INFO        | value=0.0, matching_attrs=2, log=['Scaling global_cycle_seconds from 1e-9 to 1e-09', 'Scaled dummy_storage.global_cycle_seconds from 1e-09 to 1e-09: 1x area', 'dummy_storage area has been scaled 1x']
2026-08-15 02:04:24 INFO        | Checking entry "{'global_cycle_seconds': '1e-9', 'energy': '0', 'area': '0', 'n_instances': '1', 'action': 'write', 'name': 'dummy_storage'}
2026-08-15 02:04:24 INFO        | value=0.0, matching_attrs=2, log=['Scaling global_cycle_seconds from 1e-9 to 1e-09', 'Scaled dummy_storage.global_cycle_seconds from 1e-09 to 1e-09: 1x area', 'dummy_storage area has been scaled 1x']
2026-08-15 02:04:24 INFO        | Checking entry "{'global_cycle_seconds': '1e-9', 'energy': '0', 'area': '0', 'n_instances': '1', 'action': '*', 'name': 'dummy_storage'}
2026-08-15 02:04:24 INFO        | value=0.0, matching_attrs=2, log=['Scaling global_cycle_seconds from 1e-9 to 1e-09', 'Scaled dummy_storage.global_cycle_seconds from 1e-09 to 1e-09: 1x area', 'dummy_storage area has been scaled 1x']
2026-08-15 02:04:24 INFO        | Best-matching entry: {'global_cycle_seconds': '1e-9', 'energy': '0', 'area': '0', 'n_instances': '1', 'action': 'read', 'name': 'dummy_storage'}
2026-08-15 02:04:24 INFO        | Scaling global_cycle_seconds from 1e-9 to 1e-09
2026-08-15 02:04:24 INFO        | Scaled dummy_storage.global_cycle_seconds from 1e-09 to 1e-09: 1x area
2026-08-15 02:04:24 INFO        | dummy_storage area has been scaled 1x
2026-08-15 02:04:24 INFO        | Multiplying by n_instances 1
2026-08-15 02:04:24 INFO        
2026-08-15 02:04:24 INFO        AREA ESTIMATION for dummy_storage(width=1, depth=1, datawidth=1, technology=-1, has_power_gating=False, n_banks=2, cluster_size=1, reduction_supported=True, multiple_buffering=1, min_utilization=0, allow_overbooking=False, meshX=14, meshY=1, version=0.4, PSUM_DATAWIDTH=16, INPUT_WEIGHT_DATAWIDTH=8, global_cycle_seconds=1e-09, action_latency_cycles=1, cycle_seconds=1e-09, n_instances=1)
2026-08-15 02:04:24 INFO        Library estimated 0.0u^2 with accuracy 90%. Messages:
2026-08-15 02:04:24 INFO        | Found 5 entries for dummy_storage.
2026-08-15 02:04:24 INFO        | Checking entry "{'global_cycle_seconds': '1e-9', 'energy': '0', 'area': '0', 'n_instances': '1', 'action': 'read', 'name': 'dummy_storage'}
2026-08-15 02:04:24 INFO        | value=0.0, matching_attrs=2, log=['Scaling global_cycle_seconds from 1e-9 to 1e-09', 'Scaled dummy_storage.global_cycle_seconds from 1e-09 to 1e-09: 1x area', 'dummy_storage area has been scaled 1x']
2026-08-15 02:04:24 INFO        | Checking entry "{'global_cycle_seconds': '1e-9', 'energy': '0', 'area': '0', 'n_instances': '1', 'action': 'update', 'name': 'dummy_storage'}
2026-08-15 02:04:24 INFO        | value=0.0, matching_attrs=2, log=['Scaling global_cycle_seconds from 1e-9 to 1e-09', 'Scaled dummy_storage.global_cycle_seconds from 1e-09 to 1e-09: 1x area', 'dummy_storage area has been scaled 1x']
2026-08-15 02:04:24 INFO        | Checking entry "{'global_cycle_seconds': '1e-9', 'energy': '0', 'area': '0', 'n_instances': '1', 'action': 'leak', 'name': 'dummy_storage'}
2026-08-15 02:04:24 INFO        | value=0.0, matching_attrs=2, log=['Scaling global_cycle_seconds from 1e-9 to 1e-09', 'Scaled dummy_storage.global_cycle_seconds from 1e-09 to 1e-09: 1x area', 'dummy_storage area has been scaled 1x']
2026-08-15 02:04:24 INFO        | Checking entry "{'global_cycle_seconds': '1e-9', 'energy': '0', 'area': '0', 'n_instances': '1', 'action': 'write', 'name': 'dummy_storage'}
2026-08-15 02:04:24 INFO        | value=0.0, matching_attrs=2, log=['Scaling global_cycle_seconds from 1e-9 to 1e-09', 'Scaled dummy_storage.global_cycle_seconds from 1e-09 to 1e-09: 1x area', 'dummy_storage area has been scaled 1x']
2026-08-15 02:04:24 INFO        | Checking entry "{'global_cycle_seconds': '1e-9', 'energy': '0', 'area': '0', 'n_instances': '1', 'action': '*', 'name': 'dummy_storage'}
2026-08-15 02:04:24 INFO        | value=0.0, matching_attrs=2, log=['Scaling global_cycle_seconds from 1e-9 to 1e-09', 'Scaled dummy_storage.global_cycle_seconds from 1e-09 to 1e-09: 1x area', 'dummy_storage area has been scaled 1x']
2026-08-15 02:04:24 INFO        | Best-matching entry: {'global_cycle_seconds': '1e-9', 'energy': '0', 'area': '0', 'n_instances': '1', 'action': 'read', 'name': 'dummy_storage'}
2026-08-15 02:04:24 INFO        | Scaling global_cycle_seconds from 1e-9 to 1e-09
2026-08-15 02:04:24 INFO        | Scaled dummy_storage.global_cycle_seconds from 1e-09 to 1e-09: 1x area
2026-08-15 02:04:24 INFO        | dummy_storage area has been scaled 1x
2026-08-15 02:04:24 INFO        | Multiplying by n_instances 1
2026-08-15 02:04:24 INFO        
2026-08-15 02:04:24 INFO        AREA ESTIMATION for SRAM(width=64, depth=262144, n_rdwr_ports=1, global_cycle_seconds=1e-09, action_latency_cycles=1, cycle_seconds=1e-09, technology=45nm, n_instances=1)
2026-08-15 02:04:26 INFO        CactiSRAM estimated 6.465959999999999e-06 with accuracy 80%. Messages:
2026-08-15 02:04:26 INFO        | Unused arguments (n_rdwr_ports, global_cycle_seconds, action_latency_cycles, cycle_seconds, n_instances) provided for ['SRAM', 'sram'].__init__. Arguments used: (width, depth, technology)
2026-08-15 02:04:26 INFO        | Calling CACTI with cache_size=2097152 n_rw_ports=1 block_size=8 tech_node_um=0.045 n_banks=1 tag_size=0 associativity=1
2026-08-15 02:04:26 INFO        | Calling CACTI with input path /workspace/scratch/ae4887560717/timeloop-env/share/accelergy/estimation_plug_ins/accelergy-cacti-plug-in/cacti_inputs_outputs/tmpshryhab9
2026-08-15 02:04:26 INFO        | CACTI output will be written to /workspace/scratch/ae4887560717/timeloop-env/share/accelergy/estimation_plug_ins/accelergy-cacti-plug-in/cacti_inputs_outputs/tmp15l4ljr9
2026-08-15 02:04:26 INFO        | CACTI executable not found at /workspace/scratch/ae4887560717/timeloop-env/share/accelergy/estimation_plug_ins/accelergy-cacti-plug-in/cacti/cacti
2026-08-15 02:04:26 INFO        | Calling: cd /workspace/scratch/ae4887560717/timeloop-env/share/accelergy/estimation_plug_ins/accelergy-cacti-plug-in ; ./cacti -infile /workspace/scratch/ae4887560717/timeloop-env/share/accelergy/estimation_plug_ins/accelergy-cacti-plug-in/cacti_inputs_outputs/tmpshryhab9 >> /workspace/scratch/ae4887560717/timeloop-env/share/accelergy/estimation_plug_ins/accelergy-cacti-plug-in/cacti_inputs_outputs/tmp15l4ljr9 2>&1
2026-08-15 02:04:26 INFO        | Cache bandwidth: 8.0 bytes/cycle
2026-08-15 02:04:26 INFO        | Cache bandwidth: 19954105557.218395 bits/second
2026-08-15 02:04:26 INFO        | Multiplying by n_instances 1
2026-08-15 02:04:26 INFO        
2026-08-15 02:04:26 INFO        AREA ESTIMATION for intadder(n_bits=18, precision=18, global_cycle_seconds=1e-09, action_latency_cycles=1, cycle_seconds=1e-09, technology=45nm, n_instances=1)
2026-08-15 02:04:26 INFO        Aladdin_table estimated 156.375u^2 with accuracy 70%. Messages:
2026-08-15 02:04:26 INFO        | Multiplying by n_instances 1
2026-08-15 02:04:26 INFO        
2026-08-15 02:04:26 INFO        AREA ESTIMATION for SRAM(width=64, depth=16384, n_rdwr_ports=1, global_cycle_seconds=1e-09, action_latency_cycles=1, cycle_seconds=1e-09, technology=45nm, n_instances=1)
2026-08-15 02:04:26 INFO        CactiSRAM estimated 4.29589e-07 with accuracy 80%. Messages:
2026-08-15 02:04:26 INFO        | Unused arguments (n_rdwr_ports, global_cycle_seconds, action_latency_cycles, cycle_seconds, n_instances) provided for ['SRAM', 'sram'].__init__. Arguments used: (width, depth, technology)
2026-08-15 02:04:26 INFO        | Calling CACTI with cache_size=131072 n_rw_ports=1 block_size=8 tech_node_um=0.045 n_banks=1 tag_size=0 associativity=1
2026-08-15 02:04:26 INFO        | Calling CACTI with input path /workspace/scratch/ae4887560717/timeloop-env/share/accelergy/estimation_plug_ins/accelergy-cacti-plug-in/cacti_inputs_outputs/tmpzqftjlta
2026-08-15 02:04:26 INFO        | CACTI output will be written to /workspace/scratch/ae4887560717/timeloop-env/share/accelergy/estimation_plug_ins/accelergy-cacti-plug-in/cacti_inputs_outputs/tmpxbiar5p6
2026-08-15 02:04:26 INFO        | CACTI executable not found at /workspace/scratch/ae4887560717/timeloop-env/share/accelergy/estimation_plug_ins/accelergy-cacti-plug-in/cacti/cacti
2026-08-15 02:04:26 INFO        | Calling: cd /workspace/scratch/ae4887560717/timeloop-env/share/accelergy/estimation_plug_ins/accelergy-cacti-plug-in ; ./cacti -infile /workspace/scratch/ae4887560717/timeloop-env/share/accelergy/estimation_plug_ins/accelergy-cacti-plug-in/cacti_inputs_outputs/tmpzqftjlta >> /workspace/scratch/ae4887560717/timeloop-env/share/accelergy/estimation_plug_ins/accelergy-cacti-plug-in/cacti_inputs_outputs/tmpxbiar5p6 2>&1
2026-08-15 02:04:26 INFO        | Cache bandwidth: 8.0 bytes/cycle
2026-08-15 02:04:26 INFO        | Cache bandwidth: 38765559223.477394 bits/second
2026-08-15 02:04:26 INFO        | Multiplying by n_instances 1
2026-08-15 02:04:26 INFO        
2026-08-15 02:04:26 INFO        AREA ESTIMATION for intadder(n_bits=14, precision=14, global_cycle_seconds=1e-09, action_latency_cycles=1, cycle_seconds=1e-09, technology=45nm, n_instances=1)
2026-08-15 02:04:26 INFO        Aladdin_table estimated 121.625u^2 with accuracy 70%. Messages:
2026-08-15 02:04:26 INFO        | Multiplying by n_instances 1
2026-08-15 02:04:26 INFO        
2026-08-15 02:04:26 INFO        AREA ESTIMATION for aladdin_register(global_cycle_seconds=1e-09, action_latency_cycles=1, cycle_seconds=1e-09, technology=45nm, n_instances=1)
2026-08-15 02:04:26 INFO        Library estimated 10.396u^2 with accuracy 90%. Messages:
2026-08-15 02:04:26 INFO        | Found 4 entries for aladdin_register.
2026-08-15 02:04:26 INFO        | Checking entry "{'technology': '40nm', 'global_cycle_seconds': '1e-9', 'width|datawidth': '1', 'dynamic energy(pJ)': '0.009', 'area(um^2)': '5.98E+00', 'action': 'read', 'name': 'aladdin_register', 'n_instances': 1}
2026-08-15 02:04:26 INFO        | value=5.98, matching_attrs=2, log=['Scaling global_cycle_seconds from 1e-9 to 1e-09', 'Scaling technology from 40nm to 45nm', 'Scaled aladdin_register.global_cycle_seconds from 1e-09 to 1e-09: 1x area', 'Scaled aladdin_register.technology from 40.0 to 45.0: 1.7384615384615385x area', 'aladdin_register area has been scaled 1.7384615384615385x']
2026-08-15 02:04:26 INFO        | Checking entry "{'technology': '40nm', 'global_cycle_seconds': '1e-9', 'width|datawidth': '1', 'dynamic energy(pJ)': '0', 'area(um^2)': '5.98E+00', 'action': 'write', 'name': 'aladdin_register', 'n_instances': 1}
2026-08-15 02:04:26 INFO        | value=5.98, matching_attrs=2, log=['Scaling global_cycle_seconds from 1e-9 to 1e-09', 'Scaling technology from 40nm to 45nm', 'Scaled aladdin_register.global_cycle_seconds from 1e-09 to 1e-09: 1x area', 'Scaled aladdin_register.technology from 40.0 to 45.0: 1.7384615384615385x area', 'aladdin_register area has been scaled 1.7384615384615385x']
2026-08-15 02:04:26 INFO        | Checking entry "{'technology': '40nm', 'global_cycle_seconds': '1e-9', 'width|datawidth': '1', 'dynamic energy(pJ)': '0', 'area(um^2)': '5.98E+00', 'action': 'leak', 'name': 'aladdin_register', 'n_instances': 1}
2026-08-15 02:04:26 INFO        | value=5.98, matching_attrs=2, log=['Scaling global_cycle_seconds from 1e-9 to 1e-09', 'Scaling technology from 40nm to 45nm', 'Scaled aladdin_register.global_cycle_seconds from 1e-09 to 1e-09: 1x area', 'Scaled aladdin_register.technology from 40.0 to 45.0: 1.7384615384615385x area', 'aladdin_register area has been scaled 1.7384615384615385x']
2026-08-15 02:04:26 INFO        | Checking entry "{'technology': '40nm', 'global_cycle_seconds': '1e-9', 'width|datawidth': '1', 'dynamic energy(pJ)': '0', 'area(um^2)': '5.98E+00', 'action': 'update', 'name': 'aladdin_register', 'n_instances': 1}
2026-08-15 02:04:26 INFO        | value=5.98, matching_attrs=2, log=['Scaling global_cycle_seconds from 1e-9 to 1e-09', 'Scaling technology from 40nm to 45nm', 'Scaled aladdin_register.global_cycle_seconds from 1e-09 to 1e-09: 1x area', 'Scaled aladdin_register.technology from 40.0 to 45.0: 1.7384615384615385x area', 'aladdin_register area has been scaled 1.7384615384615385x']
2026-08-15 02:04:26 INFO        | Best-matching entry: {'technology': '40nm', 'global_cycle_seconds': '1e-9', 'width|datawidth': '1', 'dynamic energy(pJ)': '0.009', 'area(um^2)': '5.98E+00', 'action': 'read', 'name': 'aladdin_register', 'n_instances': 1}
2026-08-15 02:04:26 INFO        | Scaling global_cycle_seconds from 1e-9 to 1e-09
2026-08-15 02:04:26 INFO        | Scaling technology from 40nm to 45nm
2026-08-15 02:04:26 INFO        | Scaled aladdin_register.global_cycle_seconds from 1e-09 to 1e-09: 1x area
2026-08-15 02:04:26 INFO        | Scaled aladdin_register.technology from 40.0 to 45.0: 1.7384615384615385x area
2026-08-15 02:04:26 INFO        | aladdin_register area has been scaled 1.7384615384615385x
2026-08-15 02:04:26 INFO        | Multiplying by n_instances 1
2026-08-15 02:04:26 INFO        
2026-08-15 02:04:26 INFO        AREA ESTIMATION for aladdin_comparator(n_bits=6, global_cycle_seconds=1e-09, action_latency_cycles=1, cycle_seconds=1e-09, technology=45nm, n_instances=1)
2026-08-15 02:04:26 INFO        Library estimated 23.14326923076923u^2 with accuracy 90%. Messages:
2026-08-15 02:04:26 INFO        | Found 5 entries for aladdin_comparator.
2026-08-15 02:04:26 INFO        | Checking entry "{'technology': '40nm', 'global_cycle_seconds': '1e-9', 'width|datawidth': '32', 'energy(pJ)': '0.02947', 'area(um^2)': '71', 'action': 'compare', 'name': 'aladdin_comparator', 'n_instances': 1}
2026-08-15 02:04:26 INFO        | value=71.0, matching_attrs=2, log=['Scaling global_cycle_seconds from 1e-9 to 1e-09', 'Scaling technology from 40nm to 45nm', 'Scaling width from 32 to 6', 'Scaled aladdin_comparator.global_cycle_seconds from 1e-09 to 1e-09: 1x area', 'Scaled aladdin_comparator.technology from 40.0 to 45.0: 1.7384615384615385x area', 'Scaled aladdin_comparator.width from 32.0 to 6.0: 0.1875x area', 'aladdin_comparator area has been scaled 0.32596153846153847x']
2026-08-15 02:04:26 INFO        | Checking entry "{'technology': '40nm', 'global_cycle_seconds': '1e-9', 'width|datawidth': '32', 'energy(pJ)': '0.02947', 'area(um^2)': '71', 'action': 'read', 'name': 'aladdin_comparator', 'n_instances': 1}
2026-08-15 02:04:26 INFO        | value=71.0, matching_attrs=2, log=['Scaling global_cycle_seconds from 1e-9 to 1e-09', 'Scaling technology from 40nm to 45nm', 'Scaling width from 32 to 6', 'Scaled aladdin_comparator.global_cycle_seconds from 1e-09 to 1e-09: 1x area', 'Scaled aladdin_comparator.technology from 40.0 to 45.0: 1.7384615384615385x area', 'Scaled aladdin_comparator.width from 32.0 to 6.0: 0.1875x area', 'aladdin_comparator area has been scaled 0.32596153846153847x']
2026-08-15 02:04:26 INFO        | Checking entry "{'technology': '40nm', 'global_cycle_seconds': '1e-9', 'width|datawidth': '32', 'energy(pJ)': '2.51E-05', 'area(um^2)': '71', 'action': 'leak', 'name': 'aladdin_comparator', 'n_instances': 1}
2026-08-15 02:04:26 INFO        | value=71.0, matching_attrs=2, log=['Scaling global_cycle_seconds from 1e-9 to 1e-09', 'Scaling technology from 40nm to 45nm', 'Scaling width from 32 to 6', 'Scaled aladdin_comparator.global_cycle_seconds from 1e-09 to 1e-09: 1x area', 'Scaled aladdin_comparator.technology from 40.0 to 45.0: 1.7384615384615385x area', 'Scaled aladdin_comparator.width from 32.0 to 6.0: 0.1875x area', 'aladdin_comparator area has been scaled 0.32596153846153847x']
2026-08-15 02:04:26 INFO        | Checking entry "{'technology': '40nm', 'global_cycle_seconds': '1e-9', 'width|datawidth': '32', 'energy(pJ)': '0', 'area(um^2)': '71', 'action': 'update', 'name': 'aladdin_comparator', 'n_instances': 1}
2026-08-15 02:04:26 INFO        | value=71.0, matching_attrs=2, log=['Scaling global_cycle_seconds from 1e-9 to 1e-09', 'Scaling technology from 40nm to 45nm', 'Scaling width from 32 to 6', 'Scaled aladdin_comparator.global_cycle_seconds from 1e-09 to 1e-09: 1x area', 'Scaled aladdin_comparator.technology from 40.0 to 45.0: 1.7384615384615385x area', 'Scaled aladdin_comparator.width from 32.0 to 6.0: 0.1875x area', 'aladdin_comparator area has been scaled 0.32596153846153847x']
2026-08-15 02:04:26 INFO        | Checking entry "{'technology': '40nm', 'global_cycle_seconds': '1e-9', 'width|datawidth': '32', 'energy(pJ)': '0', 'area(um^2)': '71', 'action': 'write', 'name': 'aladdin_comparator', 'n_instances': 1}
2026-08-15 02:04:26 INFO        | value=71.0, matching_attrs=2, log=['Scaling global_cycle_seconds from 1e-9 to 1e-09', 'Scaling technology from 40nm to 45nm', 'Scaling width from 32 to 6', 'Scaled aladdin_comparator.global_cycle_seconds from 1e-09 to 1e-09: 1x area', 'Scaled aladdin_comparator.technology from 40.0 to 45.0: 1.7384615384615385x area', 'Scaled aladdin_comparator.width from 32.0 to 6.0: 0.1875x area', 'aladdin_comparator area has been scaled 0.32596153846153847x']
2026-08-15 02:04:26 INFO        | Best-matching entry: {'technology': '40nm', 'global_cycle_seconds': '1e-9', 'width|datawidth': '32', 'energy(pJ)': '0.02947', 'area(um^2)': '71', 'action': 'compare', 'name': 'aladdin_comparator', 'n_instances': 1}
2026-08-15 02:04:26 INFO        | Scaling global_cycle_seconds from 1e-9 to 1e-09
2026-08-15 02:04:26 INFO        | Scaling technology from 40nm to 45nm
2026-08-15 02:04:26 INFO        | Scaling width from 32 to 6
2026-08-15 02:04:26 INFO        | Scaled aladdin_comparator.global_cycle_seconds from 1e-09 to 1e-09: 1x area
2026-08-15 02:04:26 INFO        | Scaled aladdin_comparator.technology from 40.0 to 45.0: 1.7384615384615385x area
2026-08-15 02:04:26 INFO        | Scaled aladdin_comparator.width from 32.0 to 6.0: 0.1875x area
2026-08-15 02:04:26 INFO        | aladdin_comparator area has been scaled 0.32596153846153847x
2026-08-15 02:04:26 INFO        | Multiplying by n_instances 1
2026-08-15 02:04:26 INFO        
2026-08-15 02:04:26 INFO        AREA ESTIMATION for intadder(n_bits=4, precision=4, global_cycle_seconds=1e-09, action_latency_cycles=1, cycle_seconds=1e-09, technology=45nm, n_instances=1)
2026-08-15 02:04:26 INFO        Aladdin_table estimated 34.75u^2 with accuracy 70%. Messages:
2026-08-15 02:04:26 INFO        | Multiplying by n_instances 1
2026-08-15 02:04:26 INFO        
2026-08-15 02:04:26 INFO        AREA ESTIMATION for aladdin_register(global_cycle_seconds=1e-09, action_latency_cycles=1, cycle_seconds=1e-09, technology=45nm, n_instances=1)
2026-08-15 02:04:26 INFO        Library estimated 10.396u^2 with accuracy 90%. Messages:
2026-08-15 02:04:26 INFO        | Found 4 entries for aladdin_register.
2026-08-15 02:04:26 INFO        | Checking entry "{'technology': '40nm', 'global_cycle_seconds': '1e-9', 'width|datawidth': '1', 'dynamic energy(pJ)': '0.009', 'area(um^2)': '5.98E+00', 'action': 'read', 'name': 'aladdin_register', 'n_instances': 1}
2026-08-15 02:04:26 INFO        | value=5.98, matching_attrs=2, log=['Scaling global_cycle_seconds from 1e-9 to 1e-09', 'Scaling technology from 40nm to 45nm', 'Scaled aladdin_register.global_cycle_seconds from 1e-09 to 1e-09: 1x area', 'Scaled aladdin_register.technology from 40.0 to 45.0: 1.7384615384615385x area', 'aladdin_register area has been scaled 1.7384615384615385x']
2026-08-15 02:04:26 INFO        | Checking entry "{'technology': '40nm', 'global_cycle_seconds': '1e-9', 'width|datawidth': '1', 'dynamic energy(pJ)': '0', 'area(um^2)': '5.98E+00', 'action': 'write', 'name': 'aladdin_register', 'n_instances': 1}
2026-08-15 02:04:26 INFO        | value=5.98, matching_attrs=2, log=['Scaling global_cycle_seconds from 1e-9 to 1e-09', 'Scaling technology from 40nm to 45nm', 'Scaled aladdin_register.global_cycle_seconds from 1e-09 to 1e-09: 1x area', 'Scaled aladdin_register.technology from 40.0 to 45.0: 1.7384615384615385x area', 'aladdin_register area has been scaled 1.7384615384615385x']
2026-08-15 02:04:26 INFO        | Checking entry "{'technology': '40nm', 'global_cycle_seconds': '1e-9', 'width|datawidth': '1', 'dynamic energy(pJ)': '0', 'area(um^2)': '5.98E+00', 'action': 'leak', 'name': 'aladdin_register', 'n_instances': 1}
2026-08-15 02:04:26 INFO        | value=5.98, matching_attrs=2, log=['Scaling global_cycle_seconds from 1e-9 to 1e-09', 'Scaling technology from 40nm to 45nm', 'Scaled aladdin_register.global_cycle_seconds from 1e-09 to 1e-09: 1x area', 'Scaled aladdin_register.technology from 40.0 to 45.0: 1.7384615384615385x area', 'aladdin_register area has been scaled 1.7384615384615385x']
2026-08-15 02:04:26 INFO        | Checking entry "{'technology': '40nm', 'global_cycle_seconds': '1e-9', 'width|datawidth': '1', 'dynamic energy(pJ)': '0', 'area(um^2)': '5.98E+00', 'action': 'update', 'name': 'aladdin_register', 'n_instances': 1}
2026-08-15 02:04:26 INFO        | value=5.98, matching_attrs=2, log=['Scaling global_cycle_seconds from 1e-9 to 1e-09', 'Scaling technology from 40nm to 45nm', 'Scaled aladdin_register.global_cycle_seconds from 1e-09 to 1e-09: 1x area', 'Scaled aladdin_register.technology from 40.0 to 45.0: 1.7384615384615385x area', 'aladdin_register area has been scaled 1.7384615384615385x']
2026-08-15 02:04:26 INFO        | Best-matching entry: {'technology': '40nm', 'global_cycle_seconds': '1e-9', 'width|datawidth': '1', 'dynamic energy(pJ)': '0.009', 'area(um^2)': '5.98E+00', 'action': 'read', 'name': 'aladdin_register', 'n_instances': 1}
2026-08-15 02:04:26 INFO        | Scaling global_cycle_seconds from 1e-9 to 1e-09
2026-08-15 02:04:26 INFO        | Scaling technology from 40nm to 45nm
2026-08-15 02:04:26 INFO        | Scaled aladdin_register.global_cycle_seconds from 1e-09 to 1e-09: 1x area
2026-08-15 02:04:26 INFO        | Scaled aladdin_register.technology from 40.0 to 45.0: 1.7384615384615385x area
2026-08-15 02:04:26 INFO        | aladdin_register area has been scaled 1.7384615384615385x
2026-08-15 02:04:26 INFO        | Multiplying by n_instances 1
2026-08-15 02:04:26 INFO        
2026-08-15 02:04:26 INFO        AREA ESTIMATION for aladdin_comparator(n_bits=8, global_cycle_seconds=1e-09, action_latency_cycles=1, cycle_seconds=1e-09, technology=45nm, n_instances=1)
2026-08-15 02:04:26 INFO        Library estimated 30.857692307692307u^2 with accuracy 90%. Messages:
2026-08-15 02:04:26 INFO        | Found 5 entries for aladdin_comparator.
2026-08-15 02:04:26 INFO        | Checking entry "{'technology': '40nm', 'global_cycle_seconds': '1e-9', 'width|datawidth': '32', 'energy(pJ)': '0.02947', 'area(um^2)': '71', 'action': 'compare', 'name': 'aladdin_comparator', 'n_instances': 1}
2026-08-15 02:04:26 INFO        | value=71.0, matching_attrs=2, log=['Scaling global_cycle_seconds from 1e-9 to 1e-09', 'Scaling technology from 40nm to 45nm', 'Scaling width from 32 to 8', 'Scaled aladdin_comparator.global_cycle_seconds from 1e-09 to 1e-09: 1x area', 'Scaled aladdin_comparator.technology from 40.0 to 45.0: 1.7384615384615385x area', 'Scaled aladdin_comparator.width from 32.0 to 8.0: 0.25x area', 'aladdin_comparator area has been scaled 0.4346153846153846x']
2026-08-15 02:04:26 INFO        | Checking entry "{'technology': '40nm', 'global_cycle_seconds': '1e-9', 'width|datawidth': '32', 'energy(pJ)': '0.02947', 'area(um^2)': '71', 'action': 'read', 'name': 'aladdin_comparator', 'n_instances': 1}
2026-08-15 02:04:26 INFO        | value=71.0, matching_attrs=2, log=['Scaling global_cycle_seconds from 1e-9 to 1e-09', 'Scaling technology from 40nm to 45nm', 'Scaling width from 32 to 8', 'Scaled aladdin_comparator.global_cycle_seconds from 1e-09 to 1e-09: 1x area', 'Scaled aladdin_comparator.technology from 40.0 to 45.0: 1.7384615384615385x area', 'Scaled aladdin_comparator.width from 32.0 to 8.0: 0.25x area', 'aladdin_comparator area has been scaled 0.4346153846153846x']
2026-08-15 02:04:26 INFO        | Checking entry "{'technology': '40nm', 'global_cycle_seconds': '1e-9', 'width|datawidth': '32', 'energy(pJ)': '2.51E-05', 'area(um^2)': '71', 'action': 'leak', 'name': 'aladdin_comparator', 'n_instances': 1}
2026-08-15 02:04:26 INFO        | value=71.0, matching_attrs=2, log=['Scaling global_cycle_seconds from 1e-9 to 1e-09', 'Scaling technology from 40nm to 45nm', 'Scaling width from 32 to 8', 'Scaled aladdin_comparator.global_cycle_seconds from 1e-09 to 1e-09: 1x area', 'Scaled aladdin_comparator.technology from 40.0 to 45.0: 1.7384615384615385x area', 'Scaled aladdin_comparator.width from 32.0 to 8.0: 0.25x area', 'aladdin_comparator area has been scaled 0.4346153846153846x']
2026-08-15 02:04:26 INFO        | Checking entry "{'technology': '40nm', 'global_cycle_seconds': '1e-9', 'width|datawidth': '32', 'energy(pJ)': '0', 'area(um^2)': '71', 'action': 'update', 'name': 'aladdin_comparator', 'n_instances': 1}
2026-08-15 02:04:26 INFO        | value=71.0, matching_attrs=2, log=['Scaling global_cycle_seconds from 1e-9 to 1e-09', 'Scaling technology from 40nm to 45nm', 'Scaling width from 32 to 8', 'Scaled aladdin_comparator.global_cycle_seconds from 1e-09 to 1e-09: 1x area', 'Scaled aladdin_comparator.technology from 40.0 to 45.0: 1.7384615384615385x area', 'Scaled aladdin_comparator.width from 32.0 to 8.0: 0.25x area', 'aladdin_comparator area has been scaled 0.4346153846153846x']
2026-08-15 02:04:26 INFO        | Checking entry "{'technology': '40nm', 'global_cycle_seconds': '1e-9', 'width|datawidth': '32', 'energy(pJ)': '0', 'area(um^2)': '71', 'action': 'write', 'name': 'aladdin_comparator', 'n_instances': 1}
2026-08-15 02:04:26 INFO        | value=71.0, matching_attrs=2, log=['Scaling global_cycle_seconds from 1e-9 to 1e-09', 'Scaling technology from 40nm to 45nm', 'Scaling width from 32 to 8', 'Scaled aladdin_comparator.global_cycle_seconds from 1e-09 to 1e-09: 1x area', 'Scaled aladdin_comparator.technology from 40.0 to 45.0: 1.7384615384615385x area', 'Scaled aladdin_comparator.width from 32.0 to 8.0: 0.25x area', 'aladdin_comparator area has been scaled 0.4346153846153846x']
2026-08-15 02:04:26 INFO        | Best-matching entry: {'technology': '40nm', 'global_cycle_seconds': '1e-9', 'width|datawidth': '32', 'energy(pJ)': '0.02947', 'area(um^2)': '71', 'action': 'compare', 'name': 'aladdin_comparator', 'n_instances': 1}
2026-08-15 02:04:26 INFO        | Scaling global_cycle_seconds from 1e-9 to 1e-09
2026-08-15 02:04:26 INFO        | Scaling technology from 40nm to 45nm
2026-08-15 02:04:26 INFO        | Scaling width from 32 to 8
2026-08-15 02:04:26 INFO        | Scaled aladdin_comparator.global_cycle_seconds from 1e-09 to 1e-09: 1x area
2026-08-15 02:04:26 INFO        | Scaled aladdin_comparator.technology from 40.0 to 45.0: 1.7384615384615385x area
2026-08-15 02:04:26 INFO        | Scaled aladdin_comparator.width from 32.0 to 8.0: 0.25x area
2026-08-15 02:04:26 INFO        | aladdin_comparator area has been scaled 0.4346153846153846x
2026-08-15 02:04:26 INFO        | Multiplying by n_instances 1
2026-08-15 02:04:26 INFO        
2026-08-15 02:04:26 INFO        AREA ESTIMATION for intadder(n_bits=8, precision=8, global_cycle_seconds=1e-09, action_latency_cycles=1, cycle_seconds=1e-09, technology=45nm, n_instances=1)
2026-08-15 02:04:26 INFO        Aladdin_table estimated 69.5u^2 with accuracy 70%. Messages:
2026-08-15 02:04:26 INFO        | Multiplying by n_instances 1
2026-08-15 02:04:26 INFO        
2026-08-15 02:04:26 INFO        AREA ESTIMATION for aladdin_register(global_cycle_seconds=1e-09, action_latency_cycles=1, cycle_seconds=1e-09, technology=45nm, n_instances=1)
2026-08-15 02:04:26 INFO        Library estimated 10.396u^2 with accuracy 90%. Messages:
2026-08-15 02:04:26 INFO        | Found 4 entries for aladdin_register.
2026-08-15 02:04:26 INFO        | Checking entry "{'technology': '40nm', 'global_cycle_seconds': '1e-9', 'width|datawidth': '1', 'dynamic energy(pJ)': '0.009', 'area(um^2)': '5.98E+00', 'action': 'read', 'name': 'aladdin_register', 'n_instances': 1}
2026-08-15 02:04:26 INFO        | value=5.98, matching_attrs=2, log=['Scaling global_cycle_seconds from 1e-9 to 1e-09', 'Scaling technology from 40nm to 45nm', 'Scaled aladdin_register.global_cycle_seconds from 1e-09 to 1e-09: 1x area', 'Scaled aladdin_register.technology from 40.0 to 45.0: 1.7384615384615385x area', 'aladdin_register area has been scaled 1.7384615384615385x']
2026-08-15 02:04:26 INFO        | Checking entry "{'technology': '40nm', 'global_cycle_seconds': '1e-9', 'width|datawidth': '1', 'dynamic energy(pJ)': '0', 'area(um^2)': '5.98E+00', 'action': 'write', 'name': 'aladdin_register', 'n_instances': 1}
2026-08-15 02:04:26 INFO        | value=5.98, matching_attrs=2, log=['Scaling global_cycle_seconds from 1e-9 to 1e-09', 'Scaling technology from 40nm to 45nm', 'Scaled aladdin_register.global_cycle_seconds from 1e-09 to 1e-09: 1x area', 'Scaled aladdin_register.technology from 40.0 to 45.0: 1.7384615384615385x area', 'aladdin_register area has been scaled 1.7384615384615385x']
2026-08-15 02:04:26 INFO        | Checking entry "{'technology': '40nm', 'global_cycle_seconds': '1e-9', 'width|datawidth': '1', 'dynamic energy(pJ)': '0', 'area(um^2)': '5.98E+00', 'action': 'leak', 'name': 'aladdin_register', 'n_instances': 1}
2026-08-15 02:04:26 INFO        | value=5.98, matching_attrs=2, log=['Scaling global_cycle_seconds from 1e-9 to 1e-09', 'Scaling technology from 40nm to 45nm', 'Scaled aladdin_register.global_cycle_seconds from 1e-09 to 1e-09: 1x area', 'Scaled aladdin_register.technology from 40.0 to 45.0: 1.7384615384615385x area', 'aladdin_register area has been scaled 1.7384615384615385x']
2026-08-15 02:04:26 INFO        | Checking entry "{'technology': '40nm', 'global_cycle_seconds': '1e-9', 'width|datawidth': '1', 'dynamic energy(pJ)': '0', 'area(um^2)': '5.98E+00', 'action': 'update', 'name': 'aladdin_register', 'n_instances': 1}
2026-08-15 02:04:26 INFO        | value=5.98, matching_attrs=2, log=['Scaling global_cycle_seconds from 1e-9 to 1e-09', 'Scaling technology from 40nm to 45nm', 'Scaled aladdin_register.global_cycle_seconds from 1e-09 to 1e-09: 1x area', 'Scaled aladdin_register.technology from 40.0 to 45.0: 1.7384615384615385x area', 'aladdin_register area has been scaled 1.7384615384615385x']
2026-08-15 02:04:26 INFO        | Best-matching entry: {'technology': '40nm', 'global_cycle_seconds': '1e-9', 'width|datawidth': '1', 'dynamic energy(pJ)': '0.009', 'area(um^2)': '5.98E+00', 'action': 'read', 'name': 'aladdin_register', 'n_instances': 1}
2026-08-15 02:04:26 INFO        | Scaling global_cycle_seconds from 1e-9 to 1e-09
2026-08-15 02:04:26 INFO        | Scaling technology from 40nm to 45nm
2026-08-15 02:04:26 INFO        | Scaled aladdin_register.global_cycle_seconds from 1e-09 to 1e-09: 1x area
2026-08-15 02:04:26 INFO        | Scaled aladdin_register.technology from 40.0 to 45.0: 1.7384615384615385x area
2026-08-15 02:04:26 INFO        | aladdin_register area has been scaled 1.7384615384615385x
2026-08-15 02:04:26 INFO        | Multiplying by n_instances 1
2026-08-15 02:04:26 INFO        
2026-08-15 02:04:26 INFO        AREA ESTIMATION for aladdin_comparator(n_bits=6, global_cycle_seconds=1e-09, action_latency_cycles=1, cycle_seconds=1e-09, technology=45nm, n_instances=1)
2026-08-15 02:04:26 INFO        Library estimated 23.14326923076923u^2 with accuracy 90%. Messages:
2026-08-15 02:04:26 INFO        | Found 5 entries for aladdin_comparator.
2026-08-15 02:04:26 INFO        | Checking entry "{'technology': '40nm', 'global_cycle_seconds': '1e-9', 'width|datawidth': '32', 'energy(pJ)': '0.02947', 'area(um^2)': '71', 'action': 'compare', 'name': 'aladdin_comparator', 'n_instances': 1}
2026-08-15 02:04:26 INFO        | value=71.0, matching_attrs=2, log=['Scaling global_cycle_seconds from 1e-9 to 1e-09', 'Scaling technology from 40nm to 45nm', 'Scaling width from 32 to 6', 'Scaled aladdin_comparator.global_cycle_seconds from 1e-09 to 1e-09: 1x area', 'Scaled aladdin_comparator.technology from 40.0 to 45.0: 1.7384615384615385x area', 'Scaled aladdin_comparator.width from 32.0 to 6.0: 0.1875x area', 'aladdin_comparator area has been scaled 0.32596153846153847x']
2026-08-15 02:04:26 INFO        | Checking entry "{'technology': '40nm', 'global_cycle_seconds': '1e-9', 'width|datawidth': '32', 'energy(pJ)': '0.02947', 'area(um^2)': '71', 'action': 'read', 'name': 'aladdin_comparator', 'n_instances': 1}
2026-08-15 02:04:26 INFO        | value=71.0, matching_attrs=2, log=['Scaling global_cycle_seconds from 1e-9 to 1e-09', 'Scaling technology from 40nm to 45nm', 'Scaling width from 32 to 6', 'Scaled aladdin_comparator.global_cycle_seconds from 1e-09 to 1e-09: 1x area', 'Scaled aladdin_comparator.technology from 40.0 to 45.0: 1.7384615384615385x area', 'Scaled aladdin_comparator.width from 32.0 to 6.0: 0.1875x area', 'aladdin_comparator area has been scaled 0.32596153846153847x']
2026-08-15 02:04:26 INFO        | Checking entry "{'technology': '40nm', 'global_cycle_seconds': '1e-9', 'width|datawidth': '32', 'energy(pJ)': '2.51E-05', 'area(um^2)': '71', 'action': 'leak', 'name': 'aladdin_comparator', 'n_instances': 1}
2026-08-15 02:04:26 INFO        | value=71.0, matching_attrs=2, log=['Scaling global_cycle_seconds from 1e-9 to 1e-09', 'Scaling technology from 40nm to 45nm', 'Scaling width from 32 to 6', 'Scaled aladdin_comparator.global_cycle_seconds from 1e-09 to 1e-09: 1x area', 'Scaled aladdin_comparator.technology from 40.0 to 45.0: 1.7384615384615385x area', 'Scaled aladdin_comparator.width from 32.0 to 6.0: 0.1875x area', 'aladdin_comparator area has been scaled 0.32596153846153847x']
2026-08-15 02:04:26 INFO        | Checking entry "{'technology': '40nm', 'global_cycle_seconds': '1e-9', 'width|datawidth': '32', 'energy(pJ)': '0', 'area(um^2)': '71', 'action': 'update', 'name': 'aladdin_comparator', 'n_instances': 1}
2026-08-15 02:04:26 INFO        | value=71.0, matching_attrs=2, log=['Scaling global_cycle_seconds from 1e-9 to 1e-09', 'Scaling technology from 40nm to 45nm', 'Scaling width from 32 to 6', 'Scaled aladdin_comparator.global_cycle_seconds from 1e-09 to 1e-09: 1x area', 'Scaled aladdin_comparator.technology from 40.0 to 45.0: 1.7384615384615385x area', 'Scaled aladdin_comparator.width from 32.0 to 6.0: 0.1875x area', 'aladdin_comparator area has been scaled 0.32596153846153847x']
2026-08-15 02:04:26 INFO        | Checking entry "{'technology': '40nm', 'global_cycle_seconds': '1e-9', 'width|datawidth': '32', 'energy(pJ)': '0', 'area(um^2)': '71', 'action': 'write', 'name': 'aladdin_comparator', 'n_instances': 1}
2026-08-15 02:04:26 INFO        | value=71.0, matching_attrs=2, log=['Scaling global_cycle_seconds from 1e-9 to 1e-09', 'Scaling technology from 40nm to 45nm', 'Scaling width from 32 to 6', 'Scaled aladdin_comparator.global_cycle_seconds from 1e-09 to 1e-09: 1x area', 'Scaled aladdin_comparator.technology from 40.0 to 45.0: 1.7384615384615385x area', 'Scaled aladdin_comparator.width from 32.0 to 6.0: 0.1875x area', 'aladdin_comparator area has been scaled 0.32596153846153847x']
2026-08-15 02:04:26 INFO        | Best-matching entry: {'technology': '40nm', 'global_cycle_seconds': '1e-9', 'width|datawidth': '32', 'energy(pJ)': '0.02947', 'area(um^2)': '71', 'action': 'compare', 'name': 'aladdin_comparator', 'n_instances': 1}
2026-08-15 02:04:26 INFO        | Scaling global_cycle_seconds from 1e-9 to 1e-09
2026-08-15 02:04:26 INFO        | Scaling technology from 40nm to 45nm
2026-08-15 02:04:26 INFO        | Scaling width from 32 to 6
2026-08-15 02:04:26 INFO        | Scaled aladdin_comparator.global_cycle_seconds from 1e-09 to 1e-09: 1x area
2026-08-15 02:04:26 INFO        | Scaled aladdin_comparator.technology from 40.0 to 45.0: 1.7384615384615385x area
2026-08-15 02:04:26 INFO        | Scaled aladdin_comparator.width from 32.0 to 6.0: 0.1875x area
2026-08-15 02:04:26 INFO        | aladdin_comparator area has been scaled 0.32596153846153847x
2026-08-15 02:04:26 INFO        | Multiplying by n_instances 1
2026-08-15 02:04:26 INFO        
2026-08-15 02:04:26 INFO        AREA ESTIMATION for intadder(n_bits=4, precision=4, global_cycle_seconds=1e-09, action_latency_cycles=1, cycle_seconds=1e-09, technology=45nm, n_instances=1)
2026-08-15 02:04:26 INFO        Aladdin_table estimated 34.75u^2 with accuracy 70%. Messages:
2026-08-15 02:04:26 INFO        | Multiplying by n_instances 1
2026-08-15 02:04:26 INFO        
2026-08-15 02:04:26 INFO        AREA ESTIMATION for aladdin_adder(width=16, global_cycle_seconds=1e-09, action_latency_cycles=1, cycle_seconds=1e-09, technology=45nm, n_instances=1)
2026-08-15 02:04:26 INFO        Library estimated 241.64615384615385u^2 with accuracy 90%. Messages:
2026-08-15 02:04:26 INFO        | Found 5 entries for aladdin_adder.
2026-08-15 02:04:26 INFO        | Checking entry "{'technology': '40nm', 'global_cycle_seconds': '1e-9', 'width|datawidth': '32', 'energy': '0.21', 'area': '2.78E+02', 'action': 'add', 'name': 'aladdin_adder', 'n_instances': 1}
2026-08-15 02:04:26 INFO        | value=278.0, matching_attrs=2, log=['Scaling width from 32 to 16', 'Scaling global_cycle_seconds from 1e-9 to 1e-09', 'Scaling technology from 40nm to 45nm', 'Scaled aladdin_adder.width from 32.0 to 16.0: 0.5x area', 'Scaled aladdin_adder.global_cycle_seconds from 1e-09 to 1e-09: 1x area', 'Scaled aladdin_adder.technology from 40.0 to 45.0: 1.7384615384615385x area', 'aladdin_adder area has been scaled 0.8692307692307693x']
2026-08-15 02:04:26 INFO        | Checking entry "{'technology': '40nm', 'global_cycle_seconds': '1e-9', 'width|datawidth': '32', 'energy': '0.21', 'area': '2.78E+02', 'action': 'read', 'name': 'aladdin_adder', 'n_instances': 1}
2026-08-15 02:04:26 INFO        | value=278.0, matching_attrs=2, log=['Scaling width from 32 to 16', 'Scaling global_cycle_seconds from 1e-9 to 1e-09', 'Scaling technology from 40nm to 45nm', 'Scaled aladdin_adder.width from 32.0 to 16.0: 0.5x area', 'Scaled aladdin_adder.global_cycle_seconds from 1e-09 to 1e-09: 1x area', 'Scaled aladdin_adder.technology from 40.0 to 45.0: 1.7384615384615385x area', 'aladdin_adder area has been scaled 0.8692307692307693x']
2026-08-15 02:04:26 INFO        | Checking entry "{'technology': '40nm', 'global_cycle_seconds': '1e-9', 'width|datawidth': '32', 'energy': '0.0024', 'area': '2.78E+02', 'action': 'leak', 'name': 'aladdin_adder', 'n_instances': 1}
2026-08-15 02:04:26 INFO        | value=278.0, matching_attrs=2, log=['Scaling width from 32 to 16', 'Scaling global_cycle_seconds from 1e-9 to 1e-09', 'Scaling technology from 40nm to 45nm', 'Scaled aladdin_adder.width from 32.0 to 16.0: 0.5x area', 'Scaled aladdin_adder.global_cycle_seconds from 1e-09 to 1e-09: 1x area', 'Scaled aladdin_adder.technology from 40.0 to 45.0: 1.7384615384615385x area', 'aladdin_adder area has been scaled 0.8692307692307693x']
2026-08-15 02:04:26 INFO        | Checking entry "{'technology': '40nm', 'global_cycle_seconds': '1e-9', 'width|datawidth': '32', 'energy': '0', 'area': '2.78E+02', 'action': 'update', 'name': 'aladdin_adder', 'n_instances': 1}
2026-08-15 02:04:26 INFO        | value=278.0, matching_attrs=2, log=['Scaling width from 32 to 16', 'Scaling global_cycle_seconds from 1e-9 to 1e-09', 'Scaling technology from 40nm to 45nm', 'Scaled aladdin_adder.width from 32.0 to 16.0: 0.5x area', 'Scaled aladdin_adder.global_cycle_seconds from 1e-09 to 1e-09: 1x area', 'Scaled aladdin_adder.technology from 40.0 to 45.0: 1.7384615384615385x area', 'aladdin_adder area has been scaled 0.8692307692307693x']
2026-08-15 02:04:26 INFO        | Checking entry "{'technology': '40nm', 'global_cycle_seconds': '1e-9', 'width|datawidth': '32', 'energy': '0', 'area': '2.78E+02', 'action': 'write', 'name': 'aladdin_adder', 'n_instances': 1}
2026-08-15 02:04:26 INFO        | value=278.0, matching_attrs=2, log=['Scaling width from 32 to 16', 'Scaling global_cycle_seconds from 1e-9 to 1e-09', 'Scaling technology from 40nm to 45nm', 'Scaled aladdin_adder.width from 32.0 to 16.0: 0.5x area', 'Scaled aladdin_adder.global_cycle_seconds from 1e-09 to 1e-09: 1x area', 'Scaled aladdin_adder.technology from 40.0 to 45.0: 1.7384615384615385x area', 'aladdin_adder area has been scaled 0.8692307692307693x']
2026-08-15 02:04:26 INFO        | Best-matching entry: {'technology': '40nm', 'global_cycle_seconds': '1e-9', 'width|datawidth': '32', 'energy': '0.21', 'area': '2.78E+02', 'action': 'add', 'name': 'aladdin_adder', 'n_instances': 1}
2026-08-15 02:04:26 INFO        | Scaling width from 32 to 16
2026-08-15 02:04:26 INFO        | Scaling global_cycle_seconds from 1e-9 to 1e-09
2026-08-15 02:04:26 INFO        | Scaling technology from 40nm to 45nm
2026-08-15 02:04:26 INFO        | Scaled aladdin_adder.width from 32.0 to 16.0: 0.5x area
2026-08-15 02:04:26 INFO        | Scaled aladdin_adder.global_cycle_seconds from 1e-09 to 1e-09: 1x area
2026-08-15 02:04:26 INFO        | Scaled aladdin_adder.technology from 40.0 to 45.0: 1.7384615384615385x area
2026-08-15 02:04:26 INFO        | aladdin_adder area has been scaled 0.8692307692307693x
2026-08-15 02:04:26 INFO        | Multiplying by n_instances 1
2026-08-15 02:04:26 INFO        
2026-08-15 02:04:26 INFO        AREA ESTIMATION for aladdin_adder(width_a=8, width_b=8, global_cycle_seconds=1e-09, action_latency_cycles=1, cycle_seconds=1e-09, technology=45nm, n_instances=1)
2026-08-15 02:04:26 INFO        Library estimated 120.82307692307693u^2 with accuracy 90%. Messages:
2026-08-15 02:04:26 INFO        | Found 5 entries for aladdin_adder.
2026-08-15 02:04:26 INFO        | Checking entry "{'technology': '40nm', 'global_cycle_seconds': '1e-9', 'width|datawidth': '32', 'energy': '0.21', 'area': '2.78E+02', 'action': 'add', 'name': 'aladdin_adder', 'n_instances': 1}
2026-08-15 02:04:26 INFO        | value=278.0, matching_attrs=2, log=['Scaling global_cycle_seconds from 1e-9 to 1e-09', 'Scaling technology from 40nm to 45nm', 'Scaling width from 32 to 8', 'Scaled aladdin_adder.global_cycle_seconds from 1e-09 to 1e-09: 1x area', 'Scaled aladdin_adder.technology from 40.0 to 45.0: 1.7384615384615385x area', 'Scaled aladdin_adder.width from 32.0 to 8.0: 0.25x area', 'aladdin_adder area has been scaled 0.4346153846153846x']
2026-08-15 02:04:26 INFO        | Checking entry "{'technology': '40nm', 'global_cycle_seconds': '1e-9', 'width|datawidth': '32', 'energy': '0.21', 'area': '2.78E+02', 'action': 'read', 'name': 'aladdin_adder', 'n_instances': 1}
2026-08-15 02:04:26 INFO        | value=278.0, matching_attrs=2, log=['Scaling global_cycle_seconds from 1e-9 to 1e-09', 'Scaling technology from 40nm to 45nm', 'Scaling width from 32 to 8', 'Scaled aladdin_adder.global_cycle_seconds from 1e-09 to 1e-09: 1x area', 'Scaled aladdin_adder.technology from 40.0 to 45.0: 1.7384615384615385x area', 'Scaled aladdin_adder.width from 32.0 to 8.0: 0.25x area', 'aladdin_adder area has been scaled 0.4346153846153846x']
2026-08-15 02:04:26 INFO        | Checking entry "{'technology': '40nm', 'global_cycle_seconds': '1e-9', 'width|datawidth': '32', 'energy': '0.0024', 'area': '2.78E+02', 'action': 'leak', 'name': 'aladdin_adder', 'n_instances': 1}
2026-08-15 02:04:26 INFO        | value=278.0, matching_attrs=2, log=['Scaling global_cycle_seconds from 1e-9 to 1e-09', 'Scaling technology from 40nm to 45nm', 'Scaling width from 32 to 8', 'Scaled aladdin_adder.global_cycle_seconds from 1e-09 to 1e-09: 1x area', 'Scaled aladdin_adder.technology from 40.0 to 45.0: 1.7384615384615385x area', 'Scaled aladdin_adder.width from 32.0 to 8.0: 0.25x area', 'aladdin_adder area has been scaled 0.4346153846153846x']
2026-08-15 02:04:26 INFO        | Checking entry "{'technology': '40nm', 'global_cycle_seconds': '1e-9', 'width|datawidth': '32', 'energy': '0', 'area': '2.78E+02', 'action': 'update', 'name': 'aladdin_adder', 'n_instances': 1}
2026-08-15 02:04:26 INFO        | value=278.0, matching_attrs=2, log=['Scaling global_cycle_seconds from 1e-9 to 1e-09', 'Scaling technology from 40nm to 45nm', 'Scaling width from 32 to 8', 'Scaled aladdin_adder.global_cycle_seconds from 1e-09 to 1e-09: 1x area', 'Scaled aladdin_adder.technology from 40.0 to 45.0: 1.7384615384615385x area', 'Scaled aladdin_adder.width from 32.0 to 8.0: 0.25x area', 'aladdin_adder area has been scaled 0.4346153846153846x']
2026-08-15 02:04:26 INFO        | Checking entry "{'technology': '40nm', 'global_cycle_seconds': '1e-9', 'width|datawidth': '32', 'energy': '0', 'area': '2.78E+02', 'action': 'write', 'name': 'aladdin_adder', 'n_instances': 1}
2026-08-15 02:04:26 INFO        | value=278.0, matching_attrs=2, log=['Scaling global_cycle_seconds from 1e-9 to 1e-09', 'Scaling technology from 40nm to 45nm', 'Scaling width from 32 to 8', 'Scaled aladdin_adder.global_cycle_seconds from 1e-09 to 1e-09: 1x area', 'Scaled aladdin_adder.technology from 40.0 to 45.0: 1.7384615384615385x area', 'Scaled aladdin_adder.width from 32.0 to 8.0: 0.25x area', 'aladdin_adder area has been scaled 0.4346153846153846x']
2026-08-15 02:04:26 INFO        | Best-matching entry: {'technology': '40nm', 'global_cycle_seconds': '1e-9', 'width|datawidth': '32', 'energy': '0.21', 'area': '2.78E+02', 'action': 'add', 'name': 'aladdin_adder', 'n_instances': 1}
2026-08-15 02:04:26 INFO        | Scaling global_cycle_seconds from 1e-9 to 1e-09
2026-08-15 02:04:26 INFO        | Scaling technology from 40nm to 45nm
2026-08-15 02:04:26 INFO        | Scaling width from 32 to 8
2026-08-15 02:04:26 INFO        | Scaled aladdin_adder.global_cycle_seconds from 1e-09 to 1e-09: 1x area
2026-08-15 02:04:26 INFO        | Scaled aladdin_adder.technology from 40.0 to 45.0: 1.7384615384615385x area
2026-08-15 02:04:26 INFO        | Scaled aladdin_adder.width from 32.0 to 8.0: 0.25x area
2026-08-15 02:04:26 INFO        | aladdin_adder area has been scaled 0.4346153846153846x
2026-08-15 02:04:26 INFO        | Multiplying by n_instances 1
2026-08-15 02:04:26 INFO        flattened architecture is saved to:
2026-08-15 02:04:26 INFO        ./timeloop-model.flattened_architecture.yaml
2026-08-15 02:04:26 INFO        energy reference table is saved to:
2026-08-15 02:04:26 INFO        ./timeloop-model.ERT.yaml
2026-08-15 02:04:26 INFO        energy reference table summary is saved to:
2026-08-15 02:04:26 INFO        ./timeloop-model.ERT_summary.yaml
2026-08-15 02:04:26 WARNING     no runtime energy estimations are generated... not generating energy_estimation.yaml
2026-08-15 02:04:26 INFO        area reference table is saved to:
2026-08-15 02:04:26 INFO        ./timeloop-model.ART.yaml
2026-08-15 02:04:26 INFO        area reference table summary is saved to:
2026-08-15 02:04:26 INFO        ./timeloop-model.ART_summary.yaml
