2026-08-15 01:14:32 INFO            _                _                      
2026-08-15 01:14:32 INFO           / \   ___ ___ ___| | ___ _ __ __ _ _   _ 
2026-08-15 01:14:32 INFO          / _ \ / __/ __/ _ \ |/ _ \ '__/ _` | | | |
2026-08-15 01:14:32 INFO         / ___ \ (_| (_|  __/ |  __/ | | (_| | |_| |
2026-08-15 01:14:32 INFO        /_/   \_\___\___\___|_|\___|_|  \__, |\__, |
2026-08-15 01:14:32 INFO                                        |___/ |___/ 
2026-08-15 01:14:32 INFO        generating outputs according to the following specified output flags... 
2026-08-15 01:14:32 INFO         Please use the -f flag to update the preference (default to all output files)
2026-08-15 01:14:32 INFO        {'ERT': 1, 'ERT_summary': 1, 'ART': 1, 'ART_summary': 1, 'energy_estimation': 1, 'flattened_arch': 1}
2026-08-15 01:14:32 INFO        Located config file at ./accelergy_config.yaml.
2026-08-15 01:14:32 INFO        config file located:
2026-08-15 01:14:32 INFO        ./accelergy_config.yaml
2026-08-15 01:14:32 INFO        Parsing file input.yaml for architecture info
2026-08-15 01:14:32 INFO        Parsing file input.yaml for compound_components info
2026-08-15 01:14:32 INFO        Calculated Architecture class smartbuffer_SRAM attributes"memory_width" as "max(32, width)" = 64.
2026-08-15 01:14:32 INFO        Calculated Architecture class smartbuffer_SRAM attributes"memory_depth" as "max(64, depth)" = 262144.
2026-08-15 01:14:32 INFO        Calculated Architecture class smartbuffer_SRAM attributes"widthscale" as "width / memory_width" = 1.0.
2026-08-15 01:14:32 INFO        Calculated Architecture class smartbuffer_SRAM attributes"depthscale" as "depth / memory_depth" = 1.0.
2026-08-15 01:14:32 INFO        Calculated Architecture class smartbuffer_SRAM attributes"real_depth" as "depth" = 262144.
2026-08-15 01:14:32 INFO        Calculated Architecture class smartbuffer_SRAM attributes"area_scale" as "widthscale * depthscale" = 1.0.
2026-08-15 01:14:32 INFO        Calculated Architecture class smartbuffer_SRAM attributes"dynamic_energy_scale" as "widthscale * (depthscale ** (1.56 / 2))" = 1.0.
2026-08-15 01:14:32 INFO        Calculated Architecture class smartbuffer_SRAM attributes"static_energy_scale" as "area_scale" = 1.0.
2026-08-15 01:14:32 INFO        Calculated Architecture class smartbuffer_SRAM attributes"memory_width" as "max(32, width)" = 64.
2026-08-15 01:14:32 INFO        Calculated Architecture class smartbuffer_SRAM attributes"memory_depth" as "max(64, depth)" = 16384.
2026-08-15 01:14:32 INFO        Calculated Architecture class smartbuffer_SRAM attributes"widthscale" as "width / memory_width" = 1.0.
2026-08-15 01:14:32 INFO        Calculated Architecture class smartbuffer_SRAM attributes"depthscale" as "depth / memory_depth" = 1.0.
2026-08-15 01:14:32 INFO        Calculated Architecture class smartbuffer_SRAM attributes"real_depth" as "depth" = 16384.
2026-08-15 01:14:32 INFO        Calculated Architecture class smartbuffer_SRAM attributes"area_scale" as "widthscale * depthscale" = 1.0.
2026-08-15 01:14:32 INFO        Calculated Architecture class smartbuffer_SRAM attributes"dynamic_energy_scale" as "widthscale * (depthscale ** (1.56 / 2))" = 1.0.
2026-08-15 01:14:32 INFO        Calculated Architecture class smartbuffer_SRAM attributes"static_energy_scale" as "area_scale" = 1.0.
2026-08-15 01:14:32 INFO        Calculated Architecture class smartbuffer_RF attributes"memory_width" as "max(32, width)" = 32.
2026-08-15 01:14:32 INFO        Calculated Architecture class smartbuffer_RF attributes"memory_depth" as "max(64, depth)" = 64.
2026-08-15 01:14:32 INFO        Calculated Architecture class smartbuffer_RF attributes"widthscale" as "width / memory_width" = 0.5.
2026-08-15 01:14:32 INFO        Calculated Architecture class smartbuffer_RF attributes"depthscale" as "depth / memory_depth" = 0.1875.
2026-08-15 01:14:32 INFO        Calculated Architecture class smartbuffer_RF attributes"real_depth" as "depth" = 12.
2026-08-15 01:14:32 INFO        Calculated Architecture class smartbuffer_RF attributes"area_scale" as "widthscale * depthscale" = 0.09375.
2026-08-15 01:14:32 INFO        Calculated Architecture class smartbuffer_RF attributes"dynamic_energy_scale" as "widthscale * (depthscale ** (1.56 / 2))" = 0.1354911710963393.
2026-08-15 01:14:32 INFO        Calculated Architecture class smartbuffer_RF attributes"static_energy_scale" as "area_scale" = 0.09375.
2026-08-15 01:14:32 INFO        Calculated Architecture class smartbuffer_RF attributes"memory_width" as "max(32, width)" = 32.
2026-08-15 01:14:32 INFO        Calculated Architecture class smartbuffer_RF attributes"memory_depth" as "max(64, depth)" = 192.
2026-08-15 01:14:32 INFO        Calculated Architecture class smartbuffer_RF attributes"widthscale" as "width / memory_width" = 0.5.
2026-08-15 01:14:32 INFO        Calculated Architecture class smartbuffer_RF attributes"depthscale" as "depth / memory_depth" = 1.0.
2026-08-15 01:14:32 INFO        Calculated Architecture class smartbuffer_RF attributes"real_depth" as "depth" = 192.
2026-08-15 01:14:32 INFO        Calculated Architecture class smartbuffer_RF attributes"area_scale" as "widthscale * depthscale" = 0.5.
2026-08-15 01:14:32 INFO        Calculated Architecture class smartbuffer_RF attributes"dynamic_energy_scale" as "widthscale * (depthscale ** (1.56 / 2))" = 0.5.
2026-08-15 01:14:32 INFO        Calculated Architecture class smartbuffer_RF attributes"static_energy_scale" as "area_scale" = 0.5.
2026-08-15 01:14:32 INFO        Calculated Architecture class smartbuffer_RF attributes"memory_width" as "max(32, width)" = 32.
2026-08-15 01:14:32 INFO        Calculated Architecture class smartbuffer_RF attributes"memory_depth" as "max(64, depth)" = 64.
2026-08-15 01:14:32 INFO        Calculated Architecture class smartbuffer_RF attributes"widthscale" as "width / memory_width" = 0.5.
2026-08-15 01:14:32 INFO        Calculated Architecture class smartbuffer_RF attributes"depthscale" as "depth / memory_depth" = 0.25.
2026-08-15 01:14:32 INFO        Calculated Architecture class smartbuffer_RF attributes"real_depth" as "depth" = 16.
2026-08-15 01:14:32 INFO        Calculated Architecture class smartbuffer_RF attributes"area_scale" as "widthscale * depthscale" = 0.125.
2026-08-15 01:14:32 INFO        Calculated Architecture class smartbuffer_RF attributes"dynamic_energy_scale" as "widthscale * (depthscale ** (1.56 / 2))" = 0.16957554093095897.
2026-08-15 01:14:32 INFO        Calculated Architecture class smartbuffer_RF attributes"static_energy_scale" as "area_scale" = 0.125.
2026-08-15 01:14:32 WARNING     Area scale in attributes is deprecated. Use it on the same level as the attributes, not a subkey.
2026-08-15 01:14:32 WARNING     Area scale in attributes is deprecated. Use it on the same level as the attributes, not a subkey.
2026-08-15 01:14:32 WARNING     Area scale in attributes is deprecated. Use it on the same level as the attributes, not a subkey.
2026-08-15 01:14:32 WARNING     Area scale in attributes is deprecated. Use it on the same level as the attributes, not a subkey.
2026-08-15 01:14:32 WARNING     Area scale in attributes is deprecated. Use it on the same level as the attributes, not a subkey.
2026-08-15 01:14:32 INFO        Estimator plug-in identified by: /usr/local/share/accelergy/estimation_plug_ins/accelergy-adc-plug-in/adc.estimator.yaml
2026-08-15 01:14:32 INFO        Estimator plug-in identified by: /usr/local/share/accelergy/estimation_plug_ins/accelergy-aladdin-plug-in/aladdin.estimator.yaml
2026-08-15 01:14:32 INFO        Estimator plug-in identified by: /usr/local/share/accelergy/estimation_plug_ins/accelergy-cacti-plug-in/cacti.estimator.yaml
2026-08-15 01:14:32 INFO        Estimator plug-in identified by: /usr/local/share/accelergy/estimation_plug_ins/accelergy-library-plugin/library.estimator.yaml
2026-08-15 01:14:32 INFO        Estimator plug-in identified by: /usr/local/share/accelergy/estimation_plug_ins/accelergy-neurosim-plugin/neurosim.estimator.yaml
2026-08-15 01:14:32 INFO        Estimator plug-in identified by: /usr/local/share/accelergy/estimation_plug_ins/accelergy-table-based-plug-ins/table.estimator.yaml
2026-08-15 01:14:32 INFO        Estimator plug-in identified by: /usr/local/share/accelergy/estimation_plug_ins/dummy_tables/dummy.estimator.yaml
2026-08-15 01:14:32 INFO        Loading Python plug-in: /usr/local/share/accelergy/estimation_plug_ins/accelergy-cacti-plug-in/cacti_wrapper.py. Errors below are likely due to plug-in, not Accelergy.
2026-08-15 01:14:32 INFO        Getting all estimators in module <module 'python_plug_in0' from '/usr/local/share/accelergy/estimation_plug_ins/accelergy-cacti-plug-in/cacti_wrapper.py'>
2026-08-15 01:14:32 INFO        Added estimator CactiCache that estimates cache with actions idle, read, read_access, update, update_access, write, write_access, leak
2026-08-15 01:14:32 INFO        Added estimator CactiDRAM that estimates ['DRAM', 'dram'] with actions idle, read, update, write, leak
2026-08-15 01:14:32 INFO        Added estimator CactiSRAM that estimates ['SRAM', 'sram'] with actions idle, read, update, write, leak
2026-08-15 01:14:32 INFO        Done loading Python plug-ins.
2026-08-15 01:14:32 INFO        Found estimator plug-in: ADC Plug-In (<ADCEstimator.ADCEstimator object at 0x7f463c65d540>)
2026-08-15 01:14:32 INFO        Found estimator plug-in: Aladdin_table (<AladdinTable.AladdinTable object at 0x7f463c65f790>)
2026-08-15 01:14:32 INFO        Found estimator plug-in: Library (<LibraryEstimator.LibraryEstimator object at 0x7f463c60fb50>)
2026-08-15 01:14:32 INFO        Found estimator plug-in: Neurosim Plug-In (<NeuroWrapper.NeuroWrapper object at 0x7f463c65cbb0>)
2026-08-15 01:14:32 INFO        Found estimator plug-in: DEPRECATED table-based-plug-ins. Use the Library plug-in instead. (<SetsOfTables.SetsOfTables object at 0x7f463c660c10>)
2026-08-15 01:14:32 INFO        Found estimator plug-in: dummy (<DummyTable.DummyTable object at 0x7f463c48de40>)
2026-08-15 01:14:32 INFO        Found estimator plug-in: CactiCache (<accelergy.plug_in_interface.estimator_wrapper.EstimatorWrapper object at 0x7f463c48d300>)
2026-08-15 01:14:32 INFO        Found estimator plug-in: CactiDRAM (<accelergy.plug_in_interface.estimator_wrapper.EstimatorWrapper object at 0x7f463c48d360>)
2026-08-15 01:14:32 INFO        Found estimator plug-in: CactiSRAM (<accelergy.plug_in_interface.estimator_wrapper.EstimatorWrapper object at 0x7f463c48d8a0>)
2026-08-15 01:14:32 INFO        Calculated storage."width" as "memory_width" = 64.
2026-08-15 01:14:32 INFO        Calculated storage."depth" as "memory_depth" = 262144.
2026-08-15 01:14:32 INFO        Calculated storage."n_rdwr_ports" as "n_rdwr_ports" = 1.
2026-08-15 01:14:32 INFO        Calculated storage."global_cycle_seconds" as "global_cycle_seconds" = 1e-09.
2026-08-15 01:14:32 INFO        Calculated storage.area_scale as "area_scale" = 1.0.
2026-08-15 01:14:32 INFO        Calculated address_generators[0..1]."n_bits" as "max(1, ceil(log2(real_depth))) if real_depth >= 1 else 1" = 18.
2026-08-15 01:14:32 INFO        Calculated address_generators[0..1]."precision" as "max(1, ceil(log2(real_depth))) if real_depth >= 1 else 1" = 18.
2026-08-15 01:14:32 INFO        Calculated address_generators[0..1]."global_cycle_seconds" as "global_cycle_seconds" = 1e-09.
2026-08-15 01:14:32 INFO        Calculated action write energy_scale as "dynamic_energy_scale" = 1.0.
2026-08-15 01:14:32 INFO        Calculated action read energy_scale as "dynamic_energy_scale" = 1.0.
2026-08-15 01:14:32 INFO        Calculated action leak energy_scale as "static_energy_scale" = 1.0.
2026-08-15 01:14:32 INFO        Calculated action write energy_scale as "dynamic_energy_scale" = 1.0.
2026-08-15 01:14:32 INFO        Calculated storage."width" as "memory_width" = 64.
2026-08-15 01:14:32 INFO        Calculated storage."depth" as "memory_depth" = 16384.
2026-08-15 01:14:32 INFO        Calculated storage."n_rdwr_ports" as "n_rdwr_ports" = 1.
2026-08-15 01:14:32 INFO        Calculated storage."global_cycle_seconds" as "global_cycle_seconds" = 1e-09.
2026-08-15 01:14:32 INFO        Calculated storage.area_scale as "area_scale" = 1.0.
2026-08-15 01:14:32 INFO        Calculated address_generators[0..1]."n_bits" as "max(1, ceil(log2(real_depth))) if real_depth >= 1 else 1" = 14.
2026-08-15 01:14:32 INFO        Calculated address_generators[0..1]."precision" as "max(1, ceil(log2(real_depth))) if real_depth >= 1 else 1" = 14.
2026-08-15 01:14:32 INFO        Calculated address_generators[0..1]."global_cycle_seconds" as "global_cycle_seconds" = 1e-09.
2026-08-15 01:14:32 INFO        Calculated action write energy_scale as "dynamic_energy_scale" = 1.0.
2026-08-15 01:14:32 INFO        Calculated action read energy_scale as "dynamic_energy_scale" = 1.0.
2026-08-15 01:14:32 INFO        Calculated action leak energy_scale as "static_energy_scale" = 1.0.
2026-08-15 01:14:32 INFO        Calculated action write energy_scale as "dynamic_energy_scale" = 1.0.
2026-08-15 01:14:32 INFO        Calculated storage."width" as "memory_width" = 32.
2026-08-15 01:14:32 INFO        Calculated storage."depth" as "memory_depth" = 64.
2026-08-15 01:14:32 INFO        Calculated storage."n_rdwr_ports" as "n_rdwr_ports" = 1.
2026-08-15 01:14:32 INFO        Calculated storage."global_cycle_seconds" as "global_cycle_seconds" = 1e-09.
2026-08-15 01:14:32 INFO        Calculated storage.area_scale as "area_scale" = 0.09375.
2026-08-15 01:14:32 INFO        Calculated list index expression as "width*depth" = 2048.
2026-08-15 01:14:32 INFO        Calculated list index expression as "depth" = 64.
2026-08-15 01:14:32 INFO        Calculated storage.storage[1..2048]."global_cycle_seconds" as "global_cycle_seconds" = 1e-09.
2026-08-15 01:14:32 INFO        Calculated storage.comparator[1..64]."n_bits" as "max(1, ceil(log2(depth)))" = 6.
2026-08-15 01:14:32 INFO        Calculated storage.comparator[1..64]."global_cycle_seconds" as "global_cycle_seconds" = 1e-09.
2026-08-15 01:14:32 INFO        Calculated address_generators[0..1]."n_bits" as "max(1, ceil(log2(real_depth))) if real_depth >= 1 else 1" = 4.
2026-08-15 01:14:32 INFO        Calculated address_generators[0..1]."precision" as "max(1, ceil(log2(real_depth))) if real_depth >= 1 else 1" = 4.
2026-08-15 01:14:32 INFO        Calculated address_generators[0..1]."global_cycle_seconds" as "global_cycle_seconds" = 1e-09.
2026-08-15 01:14:32 INFO        Calculated action write energy_scale as "dynamic_energy_scale" = 0.1354911710963393.
2026-08-15 01:14:32 INFO        Calculated list index expression as "width" = 32.
2026-08-15 01:14:32 INFO        Calculated list index expression as "depth" = 64.
2026-08-15 01:14:32 INFO        Calculated action read energy_scale as "dynamic_energy_scale" = 0.1354911710963393.
2026-08-15 01:14:32 INFO        Calculated list index expression as "width" = 32.
2026-08-15 01:14:32 INFO        Calculated list index expression as "depth" = 64.
2026-08-15 01:14:32 INFO        Calculated action leak energy_scale as "static_energy_scale" = 0.09375.
2026-08-15 01:14:32 INFO        Calculated list index expression as "width*depth" = 2048.
2026-08-15 01:14:32 INFO        Calculated system_top_level.ifmap_spad[1..168].leak.leak."global_cycle_seconds" as "global_cycle_seconds" = 1e-09.
2026-08-15 01:14:32 INFO        Calculated list index expression as "depth" = 64.
2026-08-15 01:14:32 INFO        Calculated system_top_level.ifmap_spad[1..168].leak.leak."global_cycle_seconds" as "global_cycle_seconds" = 1e-09.
2026-08-15 01:14:32 INFO        Calculated action write energy_scale as "dynamic_energy_scale" = 0.1354911710963393.
2026-08-15 01:14:32 INFO        Calculated list index expression as "width" = 32.
2026-08-15 01:14:32 INFO        Calculated list index expression as "depth" = 64.
2026-08-15 01:14:32 INFO        Calculated storage."width" as "memory_width" = 32.
2026-08-15 01:14:32 INFO        Calculated storage."depth" as "memory_depth" = 192.
2026-08-15 01:14:32 INFO        Calculated storage."n_rdwr_ports" as "n_rdwr_ports" = 1.
2026-08-15 01:14:32 INFO        Calculated storage."global_cycle_seconds" as "global_cycle_seconds" = 1e-09.
2026-08-15 01:14:32 INFO        Calculated storage.area_scale as "area_scale" = 0.5.
2026-08-15 01:14:32 INFO        Calculated list index expression as "width*depth" = 6144.
2026-08-15 01:14:32 INFO        Calculated list index expression as "depth" = 192.
2026-08-15 01:14:32 INFO        Calculated storage.storage[1..6144]."global_cycle_seconds" as "global_cycle_seconds" = 1e-09.
2026-08-15 01:14:32 INFO        Calculated storage.comparator[1..192]."n_bits" as "max(1, ceil(log2(depth)))" = 8.
2026-08-15 01:14:32 INFO        Calculated storage.comparator[1..192]."global_cycle_seconds" as "global_cycle_seconds" = 1e-09.
2026-08-15 01:14:32 INFO        Calculated address_generators[0..1]."n_bits" as "max(1, ceil(log2(real_depth))) if real_depth >= 1 else 1" = 8.
2026-08-15 01:14:32 INFO        Calculated address_generators[0..1]."precision" as "max(1, ceil(log2(real_depth))) if real_depth >= 1 else 1" = 8.
2026-08-15 01:14:32 INFO        Calculated address_generators[0..1]."global_cycle_seconds" as "global_cycle_seconds" = 1e-09.
2026-08-15 01:14:32 INFO        Calculated action write energy_scale as "dynamic_energy_scale" = 0.5.
2026-08-15 01:14:32 INFO        Calculated list index expression as "width" = 32.
2026-08-15 01:14:32 INFO        Calculated list index expression as "depth" = 192.
2026-08-15 01:14:32 INFO        Calculated action read energy_scale as "dynamic_energy_scale" = 0.5.
2026-08-15 01:14:32 INFO        Calculated list index expression as "width" = 32.
2026-08-15 01:14:32 INFO        Calculated list index expression as "depth" = 192.
2026-08-15 01:14:32 INFO        Calculated action leak energy_scale as "static_energy_scale" = 0.5.
2026-08-15 01:14:32 INFO        Calculated list index expression as "width*depth" = 6144.
2026-08-15 01:14:32 INFO        Calculated system_top_level.weights_spad[1..168].leak.leak."global_cycle_seconds" as "global_cycle_seconds" = 1e-09.
2026-08-15 01:14:32 INFO        Calculated list index expression as "depth" = 192.
2026-08-15 01:14:32 INFO        Calculated system_top_level.weights_spad[1..168].leak.leak."global_cycle_seconds" as "global_cycle_seconds" = 1e-09.
2026-08-15 01:14:32 INFO        Calculated action write energy_scale as "dynamic_energy_scale" = 0.5.
2026-08-15 01:14:32 INFO        Calculated list index expression as "width" = 32.
2026-08-15 01:14:32 INFO        Calculated list index expression as "depth" = 192.
2026-08-15 01:14:32 INFO        Calculated storage."width" as "memory_width" = 32.
2026-08-15 01:14:32 INFO        Calculated storage."depth" as "memory_depth" = 64.
2026-08-15 01:14:32 INFO        Calculated storage."n_rdwr_ports" as "n_rdwr_ports" = 1.
2026-08-15 01:14:32 INFO        Calculated storage."global_cycle_seconds" as "global_cycle_seconds" = 1e-09.
2026-08-15 01:14:32 INFO        Calculated storage.area_scale as "area_scale" = 0.125.
2026-08-15 01:14:32 INFO        Calculated list index expression as "width*depth" = 2048.
2026-08-15 01:14:32 INFO        Calculated list index expression as "depth" = 64.
2026-08-15 01:14:32 INFO        Calculated storage.storage[1..2048]."global_cycle_seconds" as "global_cycle_seconds" = 1e-09.
2026-08-15 01:14:32 INFO        Calculated storage.comparator[1..64]."n_bits" as "max(1, ceil(log2(depth)))" = 6.
2026-08-15 01:14:32 INFO        Calculated storage.comparator[1..64]."global_cycle_seconds" as "global_cycle_seconds" = 1e-09.
2026-08-15 01:14:32 INFO        Calculated address_generators[0..1]."n_bits" as "max(1, ceil(log2(real_depth))) if real_depth >= 1 else 1" = 4.
2026-08-15 01:14:32 INFO        Calculated address_generators[0..1]."precision" as "max(1, ceil(log2(real_depth))) if real_depth >= 1 else 1" = 4.
2026-08-15 01:14:32 INFO        Calculated address_generators[0..1]."global_cycle_seconds" as "global_cycle_seconds" = 1e-09.
2026-08-15 01:14:32 INFO        Calculated action write energy_scale as "dynamic_energy_scale" = 0.16957554093095897.
2026-08-15 01:14:32 INFO        Calculated list index expression as "width" = 32.
2026-08-15 01:14:32 INFO        Calculated list index expression as "depth" = 64.
2026-08-15 01:14:32 INFO        Calculated action read energy_scale as "dynamic_energy_scale" = 0.16957554093095897.
2026-08-15 01:14:32 INFO        Calculated list index expression as "width" = 32.
2026-08-15 01:14:32 INFO        Calculated list index expression as "depth" = 64.
2026-08-15 01:14:32 INFO        Calculated action leak energy_scale as "static_energy_scale" = 0.125.
2026-08-15 01:14:32 INFO        Calculated list index expression as "width*depth" = 2048.
2026-08-15 01:14:32 INFO        Calculated system_top_level.psum_spad[1..168].leak.leak."global_cycle_seconds" as "global_cycle_seconds" = 1e-09.
2026-08-15 01:14:32 INFO        Calculated list index expression as "depth" = 64.
2026-08-15 01:14:32 INFO        Calculated system_top_level.psum_spad[1..168].leak.leak."global_cycle_seconds" as "global_cycle_seconds" = 1e-09.
2026-08-15 01:14:32 INFO        Calculated action write energy_scale as "dynamic_energy_scale" = 0.16957554093095897.
2026-08-15 01:14:32 INFO        Calculated list index expression as "width" = 32.
2026-08-15 01:14:32 INFO        Calculated list index expression as "depth" = 64.
2026-08-15 01:14:32 INFO        Calculated intadder."width" as "adder_width" = 16.
2026-08-15 01:14:32 INFO        Calculated intmultiplier."width_a" as "multiplier_width" = 8.
2026-08-15 01:14:32 INFO        Calculated intmultiplier."width_b" as "multiplier_width" = 8.
2026-08-15 01:14:32 INFO        
2026-08-15 01:14:32 INFO        ENERGY ESTIMATION for SRAM(width=64, depth=262144, n_rdwr_ports=1, global_cycle_seconds=1e-09, action_latency_cycles=1, cycle_seconds=1e-09, technology=45nm, n_instances=1).write(global_cycle_seconds=1e-09, action_latency_cycles=1, cycle_seconds=1e-09, technology=45nm, n_instances=1)
2026-08-15 01:14:34 INFO        CactiSRAM estimated 1.1019000000000001e-10 with accuracy 80%. Messages:
2026-08-15 01:14:34 INFO        | Unused arguments (n_rdwr_ports, global_cycle_seconds, action_latency_cycles, cycle_seconds, n_instances) provided for ['SRAM', 'sram'].__init__. Arguments used: (width, depth, technology)
2026-08-15 01:14:34 INFO        | Unused arguments (global_cycle_seconds, action_latency_cycles, cycle_seconds, technology, n_instances) provided for ['SRAM', 'sram'].write. Arguments used: ()
2026-08-15 01:14:34 INFO        | Calling CACTI with cache_size=2097152 n_rw_ports=1 block_size=8 tech_node_um=0.045 n_banks=1 tag_size=0 associativity=1
2026-08-15 01:14:34 INFO        | Calling CACTI with input path /usr/local/share/accelergy/estimation_plug_ins/accelergy-cacti-plug-in/cacti_inputs_outputs/tmp52ale1r0
2026-08-15 01:14:34 INFO        | CACTI output will be written to /usr/local/share/accelergy/estimation_plug_ins/accelergy-cacti-plug-in/cacti_inputs_outputs/tmpkm92cbzm
2026-08-15 01:14:34 INFO        | CACTI executable not found at /usr/local/share/accelergy/estimation_plug_ins/accelergy-cacti-plug-in/cacti/cacti
2026-08-15 01:14:34 INFO        | Calling: cd /usr/local/share/accelergy/estimation_plug_ins/accelergy-cacti-plug-in ; ./cacti -infile /usr/local/share/accelergy/estimation_plug_ins/accelergy-cacti-plug-in/cacti_inputs_outputs/tmp52ale1r0 >> /usr/local/share/accelergy/estimation_plug_ins/accelergy-cacti-plug-in/cacti_inputs_outputs/tmpkm92cbzm 2>&1
2026-08-15 01:14:34 INFO        | Cache bandwidth: 8.0 bytes/cycle
2026-08-15 01:14:34 INFO        | Cache bandwidth: 19954105557.218395 bits/second
2026-08-15 01:14:34 INFO        
2026-08-15 01:14:34 INFO        ENERGY ESTIMATION for intadder(n_bits=18, precision=18, global_cycle_seconds=1e-09, action_latency_cycles=1, cycle_seconds=1e-09, technology=45nm, n_instances=1).add(global_cycle_seconds=1e-09, action_latency_cycles=1, cycle_seconds=1e-09, technology=45nm, n_instances=1)
2026-08-15 01:14:34 INFO        Neurosim Plug-In estimated 0.07263095000000001p with accuracy 70%. Messages:
2026-08-15 01:14:34 INFO        | WARN: Non-numeric 45nm for parameter technology. Using 45 instead.
2026-08-15 01:14:34 INFO        | Building a crossbar with cell file /usr/local/share/accelergy/estimation_plug_ins/accelergy-neurosim-plugin/cells/placeholder.cell
2026-08-15 01:14:34 INFO        | Neurosim Plugin parsing cell file...
2026-08-15 01:14:34 INFO        | 	Failed to calculate "widthSRAMCellNMOS:". Ignore if this value is not needed.
2026-08-15 01:14:34 INFO        | 		Could not find -SRAMCellNMOSWidth (F): in cell file.
2026-08-15 01:14:34 INFO        | 	Failed to calculate "widthSRAMCellPMOS:". Ignore if this value is not needed.
2026-08-15 01:14:34 INFO        | 		Could not find -SRAMCellPMOSWidth (F): in cell file.
2026-08-15 01:14:34 INFO        | 	Failed to calculate "minSenseVoltage:". Ignore if this value is not needed.
2026-08-15 01:14:34 INFO        | 		Could not find -MinSenseVoltage (mV): in cell file.
2026-08-15 01:14:34 INFO        | 	Failed to calculate "accessTransistorResistance:". Ignore if this value is not needed.
2026-08-15 01:14:34 INFO        | 		Could not find -AccessTransistorResistance (ohm): in cell file.
2026-08-15 01:14:34 INFO        | 	Failed to calculate "WriteVoltage:". Ignore if this value is not needed.
2026-08-15 01:14:34 INFO        | 		Could not find -WriteVoltage (V): in cell file.
2026-08-15 01:14:34 INFO        | 	Failed to calculate "SET_CURRENT". Ignore if this value is not needed.
2026-08-15 01:14:34 INFO        | 		Could not find -SetCurrent (uA): in cell file.
2026-08-15 01:14:34 INFO        | 	Failed to calculate "SET_POWER". Ignore if this value is not needed.
2026-08-15 01:14:34 INFO        | 		Could not find -SetPower (uW): in cell file.
2026-08-15 01:14:34 INFO        | 	Failed to calculate "READ_CURRENT". Ignore if this value is not needed.
2026-08-15 01:14:34 INFO        | 		Could not find -ReadCurrent (uA): in cell file.
2026-08-15 01:14:34 INFO        | 	Failed to calculate "READ_ENERGY". Ignore if this value is not needed.
2026-08-15 01:14:34 INFO        | 		Could not find -ReadEnergy (pJ): in cell file.
2026-08-15 01:14:34 INFO        | 	Failed to calculate "cellCapacitanceMultiplier:". Ignore if this value is not needed.
2026-08-15 01:14:34 INFO        | 		Could not find -CellCapacitanceMultiplier: in cell file.
2026-08-15 01:14:34 INFO        | 	Failed to calculate "cellCapacitanceAdjust:". Ignore if this value is not needed.
2026-08-15 01:14:34 INFO        | 		Could not find -CellCapacitanceAdjust (F): in cell file.
2026-08-15 01:14:34 INFO        | 	Failed to calculate "deviceRoadmap:". Ignore if this value is not needed.
2026-08-15 01:14:34 INFO        | 		Could not find -DeviceRoadmap -1LP 1HP 2LSTP: in cell file.
2026-08-15 01:14:34 INFO        | Running /usr/local/share/accelergy/estimation_plug_ins/accelergy-neurosim-plugin/NeuroSim/main /usr/local/share/accelergy/estimation_plug_ins/accelergy-neurosim-plugin/neurosim_input_308.cfg
2026-08-15 01:14:34 INFO        | Crossbar minimum latency is 2.808 ns to read 8.0 columns at once.
2026-08-15 01:14:34 INFO        Plug-ins provided accuracy, but failed to estimate:
2026-08-15 01:14:34 INFO        | Aladdin_table with accuracy 70% estimating value: KeyError: 'width'
2026-08-15 01:14:34 INFO        
2026-08-15 01:14:34 INFO        ENERGY ESTIMATION for SRAM(width=64, depth=262144, n_rdwr_ports=1, global_cycle_seconds=1e-09, action_latency_cycles=1, cycle_seconds=1e-09, technology=45nm, n_instances=1).read(global_cycle_seconds=1e-09, action_latency_cycles=1, cycle_seconds=1e-09, technology=45nm, n_instances=1)
2026-08-15 01:14:36 INFO        CactiSRAM estimated 1.27527e-10 with accuracy 80%. Messages:
2026-08-15 01:14:36 INFO        | Unused arguments (n_rdwr_ports, global_cycle_seconds, action_latency_cycles, cycle_seconds, n_instances) provided for ['SRAM', 'sram'].__init__. Arguments used: (width, depth, technology)
2026-08-15 01:14:36 INFO        | Unused arguments (global_cycle_seconds, action_latency_cycles, cycle_seconds, technology, n_instances) provided for ['SRAM', 'sram'].read. Arguments used: ()
2026-08-15 01:14:36 INFO        | Calling CACTI with cache_size=2097152 n_rw_ports=1 block_size=8 tech_node_um=0.045 n_banks=1 tag_size=0 associativity=1
2026-08-15 01:14:36 INFO        | Calling CACTI with input path /usr/local/share/accelergy/estimation_plug_ins/accelergy-cacti-plug-in/cacti_inputs_outputs/tmp720psqf4
2026-08-15 01:14:36 INFO        | CACTI output will be written to /usr/local/share/accelergy/estimation_plug_ins/accelergy-cacti-plug-in/cacti_inputs_outputs/tmp9fgbhzae
2026-08-15 01:14:36 INFO        | CACTI executable not found at /usr/local/share/accelergy/estimation_plug_ins/accelergy-cacti-plug-in/cacti/cacti
2026-08-15 01:14:36 INFO        | Calling: cd /usr/local/share/accelergy/estimation_plug_ins/accelergy-cacti-plug-in ; ./cacti -infile /usr/local/share/accelergy/estimation_plug_ins/accelergy-cacti-plug-in/cacti_inputs_outputs/tmp720psqf4 >> /usr/local/share/accelergy/estimation_plug_ins/accelergy-cacti-plug-in/cacti_inputs_outputs/tmp9fgbhzae 2>&1
2026-08-15 01:14:36 INFO        | Cache bandwidth: 8.0 bytes/cycle
2026-08-15 01:14:36 INFO        | Cache bandwidth: 19954105557.218395 bits/second
2026-08-15 01:14:36 INFO        
2026-08-15 01:14:36 INFO        ENERGY ESTIMATION for intadder(n_bits=18, precision=18, global_cycle_seconds=1e-09, action_latency_cycles=1, cycle_seconds=1e-09, technology=45nm, n_instances=1).add(global_cycle_seconds=1e-09, action_latency_cycles=1, cycle_seconds=1e-09, technology=45nm, n_instances=1)
2026-08-15 01:14:36 INFO        Neurosim Plug-In estimated 0.07263095000000001p with accuracy 70%. Messages:
2026-08-15 01:14:36 INFO        | WARN: Non-numeric 45nm for parameter technology. Using 45 instead.
2026-08-15 01:14:36 INFO        Plug-ins provided accuracy, but failed to estimate:
2026-08-15 01:14:36 INFO        | Aladdin_table with accuracy 70% estimating value: KeyError: 'width'
2026-08-15 01:14:36 INFO        
2026-08-15 01:14:36 INFO        ENERGY ESTIMATION for SRAM(width=64, depth=262144, n_rdwr_ports=1, global_cycle_seconds=1e-09, action_latency_cycles=1, cycle_seconds=1e-09, technology=45nm, n_instances=1).leak(global_cycle_seconds=1e-09, action_latency_cycles=1, cycle_seconds=1e-09, technology=45nm, n_instances=1)
2026-08-15 01:14:37 INFO        CactiSRAM estimated 4.9925100000000007e-14 with accuracy 80%. Messages:
2026-08-15 01:14:37 INFO        | Unused arguments (n_rdwr_ports, global_cycle_seconds, action_latency_cycles, cycle_seconds, n_instances) provided for ['SRAM', 'sram'].__init__. Arguments used: (width, depth, technology)
2026-08-15 01:14:37 INFO        | Unused arguments (action_latency_cycles, cycle_seconds, technology, n_instances) provided for ['SRAM', 'sram'].leak. Arguments used: (global_cycle_seconds)
2026-08-15 01:14:37 INFO        | Calling CACTI with cache_size=2097152 n_rw_ports=1 block_size=8 tech_node_um=0.045 n_banks=1 tag_size=0 associativity=1
2026-08-15 01:14:37 INFO        | Calling CACTI with input path /usr/local/share/accelergy/estimation_plug_ins/accelergy-cacti-plug-in/cacti_inputs_outputs/tmp2fqle2q8
2026-08-15 01:14:37 INFO        | CACTI output will be written to /usr/local/share/accelergy/estimation_plug_ins/accelergy-cacti-plug-in/cacti_inputs_outputs/tmp4fkxtg_u
2026-08-15 01:14:37 INFO        | CACTI executable not found at /usr/local/share/accelergy/estimation_plug_ins/accelergy-cacti-plug-in/cacti/cacti
2026-08-15 01:14:37 INFO        | Calling: cd /usr/local/share/accelergy/estimation_plug_ins/accelergy-cacti-plug-in ; ./cacti -infile /usr/local/share/accelergy/estimation_plug_ins/accelergy-cacti-plug-in/cacti_inputs_outputs/tmp2fqle2q8 >> /usr/local/share/accelergy/estimation_plug_ins/accelergy-cacti-plug-in/cacti_inputs_outputs/tmp4fkxtg_u 2>&1
2026-08-15 01:14:37 INFO        | Cache bandwidth: 8.0 bytes/cycle
2026-08-15 01:14:37 INFO        | Cache bandwidth: 19954105557.218395 bits/second
2026-08-15 01:14:37 INFO        | Global cycle time 1e-09 is less than the cache's random cycle time 3.2073600000000004e-09
2026-08-15 01:14:37 INFO        | Multiplying by n_instances 1
2026-08-15 01:14:37 INFO        
2026-08-15 01:14:37 INFO        ENERGY ESTIMATION for intadder(n_bits=18, precision=18, global_cycle_seconds=1e-09, action_latency_cycles=1, cycle_seconds=1e-09, technology=45nm, n_instances=1).leak(global_cycle_seconds=1e-09, action_latency_cycles=1, cycle_seconds=1e-09, technology=45nm, n_instances=1)
2026-08-15 01:14:37 INFO        Neurosim Plug-In estimated 6.66323e-06p with accuracy 70%. Messages:
2026-08-15 01:14:37 INFO        | WARN: Non-numeric 45nm for parameter technology. Using 45 instead.
2026-08-15 01:14:37 INFO        | Multiplying by n_instances 1
2026-08-15 01:14:37 INFO        Plug-ins provided accuracy, but failed to estimate:
2026-08-15 01:14:37 INFO        | Aladdin_table with accuracy 70% estimating value: KeyError: 'width'
2026-08-15 01:14:37 INFO        
2026-08-15 01:14:37 INFO        ENERGY ESTIMATION for SRAM(width=64, depth=262144, n_rdwr_ports=1, global_cycle_seconds=1e-09, action_latency_cycles=1, cycle_seconds=1e-09, technology=45nm, n_instances=1).write(global_cycle_seconds=1e-09, action_latency_cycles=1, cycle_seconds=1e-09, technology=45nm, n_instances=1)
2026-08-15 01:14:39 INFO        CactiSRAM estimated 1.1019000000000001e-10 with accuracy 80%. Messages:
2026-08-15 01:14:39 INFO        | Unused arguments (n_rdwr_ports, global_cycle_seconds, action_latency_cycles, cycle_seconds, n_instances) provided for ['SRAM', 'sram'].__init__. Arguments used: (width, depth, technology)
2026-08-15 01:14:39 INFO        | Unused arguments (global_cycle_seconds, action_latency_cycles, cycle_seconds, technology, n_instances) provided for ['SRAM', 'sram'].write. Arguments used: ()
2026-08-15 01:14:39 INFO        | Calling CACTI with cache_size=2097152 n_rw_ports=1 block_size=8 tech_node_um=0.045 n_banks=1 tag_size=0 associativity=1
2026-08-15 01:14:39 INFO        | Calling CACTI with input path /usr/local/share/accelergy/estimation_plug_ins/accelergy-cacti-plug-in/cacti_inputs_outputs/tmptsta4h3q
2026-08-15 01:14:39 INFO        | CACTI output will be written to /usr/local/share/accelergy/estimation_plug_ins/accelergy-cacti-plug-in/cacti_inputs_outputs/tmps_x2ls43
2026-08-15 01:14:39 INFO        | CACTI executable not found at /usr/local/share/accelergy/estimation_plug_ins/accelergy-cacti-plug-in/cacti/cacti
2026-08-15 01:14:39 INFO        | Calling: cd /usr/local/share/accelergy/estimation_plug_ins/accelergy-cacti-plug-in ; ./cacti -infile /usr/local/share/accelergy/estimation_plug_ins/accelergy-cacti-plug-in/cacti_inputs_outputs/tmptsta4h3q >> /usr/local/share/accelergy/estimation_plug_ins/accelergy-cacti-plug-in/cacti_inputs_outputs/tmps_x2ls43 2>&1
2026-08-15 01:14:39 INFO        | Cache bandwidth: 8.0 bytes/cycle
2026-08-15 01:14:39 INFO        | Cache bandwidth: 19954105557.218395 bits/second
2026-08-15 01:14:39 INFO        
2026-08-15 01:14:39 INFO        ENERGY ESTIMATION for intadder(n_bits=18, precision=18, global_cycle_seconds=1e-09, action_latency_cycles=1, cycle_seconds=1e-09, technology=45nm, n_instances=1).add(global_cycle_seconds=1e-09, action_latency_cycles=1, cycle_seconds=1e-09, technology=45nm, n_instances=1)
2026-08-15 01:14:39 INFO        Neurosim Plug-In estimated 0.07263095000000001p with accuracy 70%. Messages:
2026-08-15 01:14:39 INFO        | WARN: Non-numeric 45nm for parameter technology. Using 45 instead.
2026-08-15 01:14:39 INFO        Plug-ins provided accuracy, but failed to estimate:
2026-08-15 01:14:39 INFO        | Aladdin_table with accuracy 70% estimating value: KeyError: 'width'
2026-08-15 01:14:39 INFO        
2026-08-15 01:14:39 INFO        ENERGY ESTIMATION for SRAM(width=64, depth=16384, n_rdwr_ports=1, global_cycle_seconds=1e-09, action_latency_cycles=1, cycle_seconds=1e-09, technology=45nm, n_instances=1).write(global_cycle_seconds=1e-09, action_latency_cycles=1, cycle_seconds=1e-09, technology=45nm, n_instances=1)
2026-08-15 01:14:39 INFO        CactiSRAM estimated 2.6065000000000003e-11 with accuracy 80%. Messages:
2026-08-15 01:14:39 INFO        | Unused arguments (n_rdwr_ports, global_cycle_seconds, action_latency_cycles, cycle_seconds, n_instances) provided for ['SRAM', 'sram'].__init__. Arguments used: (width, depth, technology)
2026-08-15 01:14:39 INFO        | Unused arguments (global_cycle_seconds, action_latency_cycles, cycle_seconds, technology, n_instances) provided for ['SRAM', 'sram'].write. Arguments used: ()
2026-08-15 01:14:39 INFO        | Calling CACTI with cache_size=131072 n_rw_ports=1 block_size=8 tech_node_um=0.045 n_banks=1 tag_size=0 associativity=1
2026-08-15 01:14:39 INFO        | Calling CACTI with input path /usr/local/share/accelergy/estimation_plug_ins/accelergy-cacti-plug-in/cacti_inputs_outputs/tmpk88wsg9w
2026-08-15 01:14:39 INFO        | CACTI output will be written to /usr/local/share/accelergy/estimation_plug_ins/accelergy-cacti-plug-in/cacti_inputs_outputs/tmp22q0npsq
2026-08-15 01:14:39 INFO        | CACTI executable not found at /usr/local/share/accelergy/estimation_plug_ins/accelergy-cacti-plug-in/cacti/cacti
2026-08-15 01:14:39 INFO        | Calling: cd /usr/local/share/accelergy/estimation_plug_ins/accelergy-cacti-plug-in ; ./cacti -infile /usr/local/share/accelergy/estimation_plug_ins/accelergy-cacti-plug-in/cacti_inputs_outputs/tmpk88wsg9w >> /usr/local/share/accelergy/estimation_plug_ins/accelergy-cacti-plug-in/cacti_inputs_outputs/tmp22q0npsq 2>&1
2026-08-15 01:14:39 INFO        | Cache bandwidth: 8.0 bytes/cycle
2026-08-15 01:14:39 INFO        | Cache bandwidth: 38765559223.477394 bits/second
2026-08-15 01:14:39 INFO        
2026-08-15 01:14:39 INFO        ENERGY ESTIMATION for intadder(n_bits=14, precision=14, global_cycle_seconds=1e-09, action_latency_cycles=1, cycle_seconds=1e-09, technology=45nm, n_instances=1).add(global_cycle_seconds=1e-09, action_latency_cycles=1, cycle_seconds=1e-09, technology=45nm, n_instances=1)
2026-08-15 01:14:39 INFO        Neurosim Plug-In estimated 0.05655207999999999p with accuracy 70%. Messages:
2026-08-15 01:14:39 INFO        | WARN: Non-numeric 45nm for parameter technology. Using 45 instead.
2026-08-15 01:14:39 INFO        | Building a crossbar with cell file /usr/local/share/accelergy/estimation_plug_ins/accelergy-neurosim-plugin/cells/placeholder.cell
2026-08-15 01:14:39 INFO        | Neurosim Plugin parsing cell file...
2026-08-15 01:14:39 INFO        | 	Failed to calculate "widthSRAMCellNMOS:". Ignore if this value is not needed.
2026-08-15 01:14:39 INFO        | 		Could not find -SRAMCellNMOSWidth (F): in cell file.
2026-08-15 01:14:39 INFO        | 	Failed to calculate "widthSRAMCellPMOS:". Ignore if this value is not needed.
2026-08-15 01:14:39 INFO        | 		Could not find -SRAMCellPMOSWidth (F): in cell file.
2026-08-15 01:14:39 INFO        | 	Failed to calculate "minSenseVoltage:". Ignore if this value is not needed.
2026-08-15 01:14:39 INFO        | 		Could not find -MinSenseVoltage (mV): in cell file.
2026-08-15 01:14:39 INFO        | 	Failed to calculate "accessTransistorResistance:". Ignore if this value is not needed.
2026-08-15 01:14:39 INFO        | 		Could not find -AccessTransistorResistance (ohm): in cell file.
2026-08-15 01:14:39 INFO        | 	Failed to calculate "WriteVoltage:". Ignore if this value is not needed.
2026-08-15 01:14:39 INFO        | 		Could not find -WriteVoltage (V): in cell file.
2026-08-15 01:14:39 INFO        | 	Failed to calculate "SET_CURRENT". Ignore if this value is not needed.
2026-08-15 01:14:39 INFO        | 		Could not find -SetCurrent (uA): in cell file.
2026-08-15 01:14:39 INFO        | 	Failed to calculate "SET_POWER". Ignore if this value is not needed.
2026-08-15 01:14:39 INFO        | 		Could not find -SetPower (uW): in cell file.
2026-08-15 01:14:39 INFO        | 	Failed to calculate "READ_CURRENT". Ignore if this value is not needed.
2026-08-15 01:14:39 INFO        | 		Could not find -ReadCurrent (uA): in cell file.
2026-08-15 01:14:39 INFO        | 	Failed to calculate "READ_ENERGY". Ignore if this value is not needed.
2026-08-15 01:14:39 INFO        | 		Could not find -ReadEnergy (pJ): in cell file.
2026-08-15 01:14:39 INFO        | 	Failed to calculate "cellCapacitanceMultiplier:". Ignore if this value is not needed.
2026-08-15 01:14:39 INFO        | 		Could not find -CellCapacitanceMultiplier: in cell file.
2026-08-15 01:14:39 INFO        | 	Failed to calculate "cellCapacitanceAdjust:". Ignore if this value is not needed.
2026-08-15 01:14:39 INFO        | 		Could not find -CellCapacitanceAdjust (F): in cell file.
2026-08-15 01:14:39 INFO        | 	Failed to calculate "deviceRoadmap:". Ignore if this value is not needed.
2026-08-15 01:14:39 INFO        | 		Could not find -DeviceRoadmap -1LP 1HP 2LSTP: in cell file.
2026-08-15 01:14:39 INFO        | Running /usr/local/share/accelergy/estimation_plug_ins/accelergy-neurosim-plugin/NeuroSim/main /usr/local/share/accelergy/estimation_plug_ins/accelergy-neurosim-plugin/neurosim_input_308.cfg
2026-08-15 01:14:39 INFO        | Crossbar minimum latency is 2.808 ns to read 8.0 columns at once.
2026-08-15 01:14:39 INFO        Plug-ins provided accuracy, but failed to estimate:
2026-08-15 01:14:39 INFO        | Aladdin_table with accuracy 70% estimating value: KeyError: 'width'
2026-08-15 01:14:39 INFO        
2026-08-15 01:14:39 INFO        ENERGY ESTIMATION for SRAM(width=64, depth=16384, n_rdwr_ports=1, global_cycle_seconds=1e-09, action_latency_cycles=1, cycle_seconds=1e-09, technology=45nm, n_instances=1).read(global_cycle_seconds=1e-09, action_latency_cycles=1, cycle_seconds=1e-09, technology=45nm, n_instances=1)
2026-08-15 01:14:40 INFO        CactiSRAM estimated 3.2285900000000004e-11 with accuracy 80%. Messages:
2026-08-15 01:14:40 INFO        | Unused arguments (n_rdwr_ports, global_cycle_seconds, action_latency_cycles, cycle_seconds, n_instances) provided for ['SRAM', 'sram'].__init__. Arguments used: (width, depth, technology)
2026-08-15 01:14:40 INFO        | Unused arguments (global_cycle_seconds, action_latency_cycles, cycle_seconds, technology, n_instances) provided for ['SRAM', 'sram'].read. Arguments used: ()
2026-08-15 01:14:40 INFO        | Calling CACTI with cache_size=131072 n_rw_ports=1 block_size=8 tech_node_um=0.045 n_banks=1 tag_size=0 associativity=1
2026-08-15 01:14:40 INFO        | Calling CACTI with input path /usr/local/share/accelergy/estimation_plug_ins/accelergy-cacti-plug-in/cacti_inputs_outputs/tmpip_scjf3
2026-08-15 01:14:40 INFO        | CACTI output will be written to /usr/local/share/accelergy/estimation_plug_ins/accelergy-cacti-plug-in/cacti_inputs_outputs/tmp4arkw4l8
2026-08-15 01:14:40 INFO        | CACTI executable not found at /usr/local/share/accelergy/estimation_plug_ins/accelergy-cacti-plug-in/cacti/cacti
2026-08-15 01:14:40 INFO        | Calling: cd /usr/local/share/accelergy/estimation_plug_ins/accelergy-cacti-plug-in ; ./cacti -infile /usr/local/share/accelergy/estimation_plug_ins/accelergy-cacti-plug-in/cacti_inputs_outputs/tmpip_scjf3 >> /usr/local/share/accelergy/estimation_plug_ins/accelergy-cacti-plug-in/cacti_inputs_outputs/tmp4arkw4l8 2>&1
2026-08-15 01:14:40 INFO        | Cache bandwidth: 8.0 bytes/cycle
2026-08-15 01:14:40 INFO        | Cache bandwidth: 38765559223.477394 bits/second
2026-08-15 01:14:40 INFO        
2026-08-15 01:14:40 INFO        ENERGY ESTIMATION for intadder(n_bits=14, precision=14, global_cycle_seconds=1e-09, action_latency_cycles=1, cycle_seconds=1e-09, technology=45nm, n_instances=1).add(global_cycle_seconds=1e-09, action_latency_cycles=1, cycle_seconds=1e-09, technology=45nm, n_instances=1)
2026-08-15 01:14:40 INFO        Neurosim Plug-In estimated 0.05655207999999999p with accuracy 70%. Messages:
2026-08-15 01:14:40 INFO        | WARN: Non-numeric 45nm for parameter technology. Using 45 instead.
2026-08-15 01:14:40 INFO        Plug-ins provided accuracy, but failed to estimate:
2026-08-15 01:14:40 INFO        | Aladdin_table with accuracy 70% estimating value: KeyError: 'width'
2026-08-15 01:14:40 INFO        
2026-08-15 01:14:40 INFO        ENERGY ESTIMATION for SRAM(width=64, depth=16384, n_rdwr_ports=1, global_cycle_seconds=1e-09, action_latency_cycles=1, cycle_seconds=1e-09, technology=45nm, n_instances=1).leak(global_cycle_seconds=1e-09, action_latency_cycles=1, cycle_seconds=1e-09, technology=45nm, n_instances=1)
2026-08-15 01:14:41 INFO        CactiSRAM estimated 3.34055e-15 with accuracy 80%. Messages:
2026-08-15 01:14:41 INFO        | Unused arguments (n_rdwr_ports, global_cycle_seconds, action_latency_cycles, cycle_seconds, n_instances) provided for ['SRAM', 'sram'].__init__. Arguments used: (width, depth, technology)
2026-08-15 01:14:41 INFO        | Unused arguments (action_latency_cycles, cycle_seconds, technology, n_instances) provided for ['SRAM', 'sram'].leak. Arguments used: (global_cycle_seconds)
2026-08-15 01:14:41 INFO        | Calling CACTI with cache_size=131072 n_rw_ports=1 block_size=8 tech_node_um=0.045 n_banks=1 tag_size=0 associativity=1
2026-08-15 01:14:41 INFO        | Calling CACTI with input path /usr/local/share/accelergy/estimation_plug_ins/accelergy-cacti-plug-in/cacti_inputs_outputs/tmp4yt9z_kd
2026-08-15 01:14:41 INFO        | CACTI output will be written to /usr/local/share/accelergy/estimation_plug_ins/accelergy-cacti-plug-in/cacti_inputs_outputs/tmpdk981iwe
2026-08-15 01:14:41 INFO        | CACTI executable not found at /usr/local/share/accelergy/estimation_plug_ins/accelergy-cacti-plug-in/cacti/cacti
2026-08-15 01:14:41 INFO        | Calling: cd /usr/local/share/accelergy/estimation_plug_ins/accelergy-cacti-plug-in ; ./cacti -infile /usr/local/share/accelergy/estimation_plug_ins/accelergy-cacti-plug-in/cacti_inputs_outputs/tmp4yt9z_kd >> /usr/local/share/accelergy/estimation_plug_ins/accelergy-cacti-plug-in/cacti_inputs_outputs/tmpdk981iwe 2>&1
2026-08-15 01:14:41 INFO        | Cache bandwidth: 8.0 bytes/cycle
2026-08-15 01:14:41 INFO        | Cache bandwidth: 38765559223.477394 bits/second
2026-08-15 01:14:41 INFO        | Global cycle time 1e-09 is less than the cache's random cycle time 1.65095e-09
2026-08-15 01:14:41 INFO        | Multiplying by n_instances 1
2026-08-15 01:14:41 INFO        
2026-08-15 01:14:41 INFO        ENERGY ESTIMATION for intadder(n_bits=14, precision=14, global_cycle_seconds=1e-09, action_latency_cycles=1, cycle_seconds=1e-09, technology=45nm, n_instances=1).leak(global_cycle_seconds=1e-09, action_latency_cycles=1, cycle_seconds=1e-09, technology=45nm, n_instances=1)
2026-08-15 01:14:41 INFO        Neurosim Plug-In estimated 5.182512000000001e-06p with accuracy 70%. Messages:
2026-08-15 01:14:41 INFO        | WARN: Non-numeric 45nm for parameter technology. Using 45 instead.
2026-08-15 01:14:41 INFO        | Multiplying by n_instances 1
2026-08-15 01:14:41 INFO        Plug-ins provided accuracy, but failed to estimate:
2026-08-15 01:14:41 INFO        | Aladdin_table with accuracy 70% estimating value: KeyError: 'width'
2026-08-15 01:14:41 INFO        
2026-08-15 01:14:41 INFO        ENERGY ESTIMATION for SRAM(width=64, depth=16384, n_rdwr_ports=1, global_cycle_seconds=1e-09, action_latency_cycles=1, cycle_seconds=1e-09, technology=45nm, n_instances=1).write(global_cycle_seconds=1e-09, action_latency_cycles=1, cycle_seconds=1e-09, technology=45nm, n_instances=1)
2026-08-15 01:14:41 INFO        CactiSRAM estimated 2.6065000000000003e-11 with accuracy 80%. Messages:
2026-08-15 01:14:41 INFO        | Unused arguments (n_rdwr_ports, global_cycle_seconds, action_latency_cycles, cycle_seconds, n_instances) provided for ['SRAM', 'sram'].__init__. Arguments used: (width, depth, technology)
2026-08-15 01:14:41 INFO        | Unused arguments (global_cycle_seconds, action_latency_cycles, cycle_seconds, technology, n_instances) provided for ['SRAM', 'sram'].write. Arguments used: ()
2026-08-15 01:14:41 INFO        | Calling CACTI with cache_size=131072 n_rw_ports=1 block_size=8 tech_node_um=0.045 n_banks=1 tag_size=0 associativity=1
2026-08-15 01:14:41 INFO        | Calling CACTI with input path /usr/local/share/accelergy/estimation_plug_ins/accelergy-cacti-plug-in/cacti_inputs_outputs/tmprz1kl621
2026-08-15 01:14:41 INFO        | CACTI output will be written to /usr/local/share/accelergy/estimation_plug_ins/accelergy-cacti-plug-in/cacti_inputs_outputs/tmpauv80jce
2026-08-15 01:14:41 INFO        | CACTI executable not found at /usr/local/share/accelergy/estimation_plug_ins/accelergy-cacti-plug-in/cacti/cacti
2026-08-15 01:14:41 INFO        | Calling: cd /usr/local/share/accelergy/estimation_plug_ins/accelergy-cacti-plug-in ; ./cacti -infile /usr/local/share/accelergy/estimation_plug_ins/accelergy-cacti-plug-in/cacti_inputs_outputs/tmprz1kl621 >> /usr/local/share/accelergy/estimation_plug_ins/accelergy-cacti-plug-in/cacti_inputs_outputs/tmpauv80jce 2>&1
2026-08-15 01:14:41 INFO        | Cache bandwidth: 8.0 bytes/cycle
2026-08-15 01:14:41 INFO        | Cache bandwidth: 38765559223.477394 bits/second
2026-08-15 01:14:41 INFO        
2026-08-15 01:14:41 INFO        ENERGY ESTIMATION for intadder(n_bits=14, precision=14, global_cycle_seconds=1e-09, action_latency_cycles=1, cycle_seconds=1e-09, technology=45nm, n_instances=1).add(global_cycle_seconds=1e-09, action_latency_cycles=1, cycle_seconds=1e-09, technology=45nm, n_instances=1)
2026-08-15 01:14:41 INFO        Neurosim Plug-In estimated 0.05655207999999999p with accuracy 70%. Messages:
2026-08-15 01:14:41 INFO        | WARN: Non-numeric 45nm for parameter technology. Using 45 instead.
2026-08-15 01:14:41 INFO        Plug-ins provided accuracy, but failed to estimate:
2026-08-15 01:14:41 INFO        | Aladdin_table with accuracy 70% estimating value: KeyError: 'width'
2026-08-15 01:14:41 INFO        
2026-08-15 01:14:41 INFO        ENERGY ESTIMATION for aladdin_register(global_cycle_seconds=1e-09, action_latency_cycles=1, cycle_seconds=1e-09, technology=45nm, n_instances=1).write(global_cycle_seconds=1e-09, action_latency_cycles=1, cycle_seconds=1e-09, technology=45nm, n_instances=1)
2026-08-15 01:14:41 INFO        Library estimated 0.0p with accuracy 90%. Messages:
2026-08-15 01:14:41 INFO        | Found 1 entries for aladdin_register.write.
2026-08-15 01:14:41 INFO        | Checking entry "{'technology': '40nm', 'global_cycle_seconds': '1e-9', 'width|datawidth': '1', 'dynamic energy(pJ)': '0', 'area(um^2)': '5.98E+00', 'action': 'write', 'name': 'aladdin_register', 'n_instances': 1}
2026-08-15 01:14:41 INFO        | value=0.0, matching_attrs=2, log=['Scaling global_cycle_seconds from 1e-9 to 1e-09', 'Scaling technology from 40nm to 45nm', 'Scaled aladdin_register.global_cycle_seconds from 1e-09 to 1e-09: 1x energy', 'Scaled aladdin_register.technology from 40.0 to 45.0: 1.265241016612673x energy', 'aladdin_register energy has been scaled 1.265241016612673x']
2026-08-15 01:14:41 INFO        | Best-matching entry: {'technology': '40nm', 'global_cycle_seconds': '1e-9', 'width|datawidth': '1', 'dynamic energy(pJ)': '0', 'area(um^2)': '5.98E+00', 'action': 'write', 'name': 'aladdin_register', 'n_instances': 1}
2026-08-15 01:14:41 INFO        | Scaling global_cycle_seconds from 1e-9 to 1e-09
2026-08-15 01:14:41 INFO        | Scaling technology from 40nm to 45nm
2026-08-15 01:14:41 INFO        | Scaled aladdin_register.global_cycle_seconds from 1e-09 to 1e-09: 1x energy
2026-08-15 01:14:41 INFO        | Scaled aladdin_register.technology from 40.0 to 45.0: 1.265241016612673x energy
2026-08-15 01:14:41 INFO        | aladdin_register energy has been scaled 1.265241016612673x
2026-08-15 01:14:41 INFO        
2026-08-15 01:14:41 INFO        ENERGY ESTIMATION for aladdin_comparator(n_bits=6, global_cycle_seconds=1e-09, action_latency_cycles=1, cycle_seconds=1e-09, technology=45nm, n_instances=1).compare(global_cycle_seconds=1e-09, action_latency_cycles=1, cycle_seconds=1e-09, technology=45nm, n_instances=1)
2026-08-15 01:14:41 INFO        Library estimated 0.037286652759575475p with accuracy 90%. Messages:
2026-08-15 01:14:41 INFO        | Found 1 entries for aladdin_comparator.compare.
2026-08-15 01:14:41 INFO        | Checking entry "{'technology': '40nm', 'global_cycle_seconds': '1e-9', 'width|datawidth': '32', 'energy(pJ)': '0.02947', 'area(um^2)': '71', 'action': 'compare', 'name': 'aladdin_comparator', 'n_instances': 1}
2026-08-15 01:14:41 INFO        | value=0.02947, matching_attrs=2, log=['Scaling global_cycle_seconds from 1e-9 to 1e-09', 'Scaling technology from 40nm to 45nm', 'Scaled aladdin_comparator.global_cycle_seconds from 1e-09 to 1e-09: 1x energy', 'Scaled aladdin_comparator.technology from 40.0 to 45.0: 1.265241016612673x energy', 'aladdin_comparator energy has been scaled 1.265241016612673x']
2026-08-15 01:14:41 INFO        | Best-matching entry: {'technology': '40nm', 'global_cycle_seconds': '1e-9', 'width|datawidth': '32', 'energy(pJ)': '0.02947', 'area(um^2)': '71', 'action': 'compare', 'name': 'aladdin_comparator', 'n_instances': 1}
2026-08-15 01:14:41 INFO        | Scaling global_cycle_seconds from 1e-9 to 1e-09
2026-08-15 01:14:41 INFO        | Scaling technology from 40nm to 45nm
2026-08-15 01:14:41 INFO        | Scaled aladdin_comparator.global_cycle_seconds from 1e-09 to 1e-09: 1x energy
2026-08-15 01:14:41 INFO        | Scaled aladdin_comparator.technology from 40.0 to 45.0: 1.265241016612673x energy
2026-08-15 01:14:41 INFO        | aladdin_comparator energy has been scaled 1.265241016612673x
2026-08-15 01:14:41 INFO        
2026-08-15 01:14:41 INFO        ENERGY ESTIMATION for intadder(n_bits=4, precision=4, global_cycle_seconds=1e-09, action_latency_cycles=1, cycle_seconds=1e-09, technology=45nm, n_instances=1).add(global_cycle_seconds=1e-09, action_latency_cycles=1, cycle_seconds=1e-09, technology=45nm, n_instances=1)
2026-08-15 01:14:41 INFO        Neurosim Plug-In estimated 0.016354909999999997p with accuracy 70%. Messages:
2026-08-15 01:14:41 INFO        | WARN: Non-numeric 45nm for parameter technology. Using 45 instead.
2026-08-15 01:14:41 INFO        | Building a crossbar with cell file /usr/local/share/accelergy/estimation_plug_ins/accelergy-neurosim-plugin/cells/placeholder.cell
2026-08-15 01:14:41 INFO        | Neurosim Plugin parsing cell file...
2026-08-15 01:14:41 INFO        | 	Failed to calculate "widthSRAMCellNMOS:". Ignore if this value is not needed.
2026-08-15 01:14:41 INFO        | 		Could not find -SRAMCellNMOSWidth (F): in cell file.
2026-08-15 01:14:41 INFO        | 	Failed to calculate "widthSRAMCellPMOS:". Ignore if this value is not needed.
2026-08-15 01:14:41 INFO        | 		Could not find -SRAMCellPMOSWidth (F): in cell file.
2026-08-15 01:14:41 INFO        | 	Failed to calculate "minSenseVoltage:". Ignore if this value is not needed.
2026-08-15 01:14:41 INFO        | 		Could not find -MinSenseVoltage (mV): in cell file.
2026-08-15 01:14:41 INFO        | 	Failed to calculate "accessTransistorResistance:". Ignore if this value is not needed.
2026-08-15 01:14:41 INFO        | 		Could not find -AccessTransistorResistance (ohm): in cell file.
2026-08-15 01:14:41 INFO        | 	Failed to calculate "WriteVoltage:". Ignore if this value is not needed.
2026-08-15 01:14:41 INFO        | 		Could not find -WriteVoltage (V): in cell file.
2026-08-15 01:14:41 INFO        | 	Failed to calculate "SET_CURRENT". Ignore if this value is not needed.
2026-08-15 01:14:41 INFO        | 		Could not find -SetCurrent (uA): in cell file.
2026-08-15 01:14:41 INFO        | 	Failed to calculate "SET_POWER". Ignore if this value is not needed.
2026-08-15 01:14:41 INFO        | 		Could not find -SetPower (uW): in cell file.
2026-08-15 01:14:41 INFO        | 	Failed to calculate "READ_CURRENT". Ignore if this value is not needed.
2026-08-15 01:14:41 INFO        | 		Could not find -ReadCurrent (uA): in cell file.
2026-08-15 01:14:41 INFO        | 	Failed to calculate "READ_ENERGY". Ignore if this value is not needed.
2026-08-15 01:14:41 INFO        | 		Could not find -ReadEnergy (pJ): in cell file.
2026-08-15 01:14:41 INFO        | 	Failed to calculate "cellCapacitanceMultiplier:". Ignore if this value is not needed.
2026-08-15 01:14:41 INFO        | 		Could not find -CellCapacitanceMultiplier: in cell file.
2026-08-15 01:14:41 INFO        | 	Failed to calculate "cellCapacitanceAdjust:". Ignore if this value is not needed.
2026-08-15 01:14:41 INFO        | 		Could not find -CellCapacitanceAdjust (F): in cell file.
2026-08-15 01:14:41 INFO        | 	Failed to calculate "deviceRoadmap:". Ignore if this value is not needed.
2026-08-15 01:14:41 INFO        | 		Could not find -DeviceRoadmap -1LP 1HP 2LSTP: in cell file.
2026-08-15 01:14:41 INFO        | Running /usr/local/share/accelergy/estimation_plug_ins/accelergy-neurosim-plugin/NeuroSim/main /usr/local/share/accelergy/estimation_plug_ins/accelergy-neurosim-plugin/neurosim_input_308.cfg
2026-08-15 01:14:41 INFO        | Crossbar minimum latency is 2.808 ns to read 8.0 columns at once.
2026-08-15 01:14:41 INFO        Plug-ins provided accuracy, but failed to estimate:
2026-08-15 01:14:41 INFO        | Aladdin_table with accuracy 70% estimating value: KeyError: 'width'
2026-08-15 01:14:41 INFO        
2026-08-15 01:14:41 INFO        ENERGY ESTIMATION for aladdin_register(global_cycle_seconds=1e-09, action_latency_cycles=1, cycle_seconds=1e-09, technology=45nm, n_instances=1).read(global_cycle_seconds=1e-09, action_latency_cycles=1, cycle_seconds=1e-09, technology=45nm, n_instances=1)
2026-08-15 01:14:41 INFO        Library estimated 0.011387169149514056p with accuracy 90%. Messages:
2026-08-15 01:14:41 INFO        | Found 1 entries for aladdin_register.read.
2026-08-15 01:14:41 INFO        | Checking entry "{'technology': '40nm', 'global_cycle_seconds': '1e-9', 'width|datawidth': '1', 'dynamic energy(pJ)': '0.009', 'area(um^2)': '5.98E+00', 'action': 'read', 'name': 'aladdin_register', 'n_instances': 1}
2026-08-15 01:14:41 INFO        | value=0.009, matching_attrs=2, log=['Scaling global_cycle_seconds from 1e-9 to 1e-09', 'Scaling technology from 40nm to 45nm', 'Scaled aladdin_register.global_cycle_seconds from 1e-09 to 1e-09: 1x energy', 'Scaled aladdin_register.technology from 40.0 to 45.0: 1.265241016612673x energy', 'aladdin_register energy has been scaled 1.265241016612673x']
2026-08-15 01:14:41 INFO        | Best-matching entry: {'technology': '40nm', 'global_cycle_seconds': '1e-9', 'width|datawidth': '1', 'dynamic energy(pJ)': '0.009', 'area(um^2)': '5.98E+00', 'action': 'read', 'name': 'aladdin_register', 'n_instances': 1}
2026-08-15 01:14:41 INFO        | Scaling global_cycle_seconds from 1e-9 to 1e-09
2026-08-15 01:14:41 INFO        | Scaling technology from 40nm to 45nm
2026-08-15 01:14:41 INFO        | Scaled aladdin_register.global_cycle_seconds from 1e-09 to 1e-09: 1x energy
2026-08-15 01:14:41 INFO        | Scaled aladdin_register.technology from 40.0 to 45.0: 1.265241016612673x energy
2026-08-15 01:14:41 INFO        | aladdin_register energy has been scaled 1.265241016612673x
2026-08-15 01:14:41 INFO        
2026-08-15 01:14:41 INFO        ENERGY ESTIMATION for aladdin_comparator(n_bits=6, global_cycle_seconds=1e-09, action_latency_cycles=1, cycle_seconds=1e-09, technology=45nm, n_instances=1).compare(global_cycle_seconds=1e-09, action_latency_cycles=1, cycle_seconds=1e-09, technology=45nm, n_instances=1)
2026-08-15 01:14:41 INFO        Library estimated 0.037286652759575475p with accuracy 90%. Messages:
2026-08-15 01:14:41 INFO        | Found 1 entries for aladdin_comparator.compare.
2026-08-15 01:14:41 INFO        | Checking entry "{'technology': '40nm', 'global_cycle_seconds': '1e-9', 'width|datawidth': '32', 'energy(pJ)': '0.02947', 'area(um^2)': '71', 'action': 'compare', 'name': 'aladdin_comparator', 'n_instances': 1}
2026-08-15 01:14:41 INFO        | value=0.02947, matching_attrs=2, log=['Scaling global_cycle_seconds from 1e-9 to 1e-09', 'Scaling technology from 40nm to 45nm', 'Scaled aladdin_comparator.global_cycle_seconds from 1e-09 to 1e-09: 1x energy', 'Scaled aladdin_comparator.technology from 40.0 to 45.0: 1.265241016612673x energy', 'aladdin_comparator energy has been scaled 1.265241016612673x']
2026-08-15 01:14:41 INFO        | Best-matching entry: {'technology': '40nm', 'global_cycle_seconds': '1e-9', 'width|datawidth': '32', 'energy(pJ)': '0.02947', 'area(um^2)': '71', 'action': 'compare', 'name': 'aladdin_comparator', 'n_instances': 1}
2026-08-15 01:14:41 INFO        | Scaling global_cycle_seconds from 1e-9 to 1e-09
2026-08-15 01:14:41 INFO        | Scaling technology from 40nm to 45nm
2026-08-15 01:14:41 INFO        | Scaled aladdin_comparator.global_cycle_seconds from 1e-09 to 1e-09: 1x energy
2026-08-15 01:14:41 INFO        | Scaled aladdin_comparator.technology from 40.0 to 45.0: 1.265241016612673x energy
2026-08-15 01:14:41 INFO        | aladdin_comparator energy has been scaled 1.265241016612673x
2026-08-15 01:14:41 INFO        
2026-08-15 01:14:41 INFO        ENERGY ESTIMATION for intadder(n_bits=4, precision=4, global_cycle_seconds=1e-09, action_latency_cycles=1, cycle_seconds=1e-09, technology=45nm, n_instances=1).add(global_cycle_seconds=1e-09, action_latency_cycles=1, cycle_seconds=1e-09, technology=45nm, n_instances=1)
2026-08-15 01:14:41 INFO        Neurosim Plug-In estimated 0.016354909999999997p with accuracy 70%. Messages:
2026-08-15 01:14:41 INFO        | WARN: Non-numeric 45nm for parameter technology. Using 45 instead.
2026-08-15 01:14:41 INFO        Plug-ins provided accuracy, but failed to estimate:
2026-08-15 01:14:41 INFO        | Aladdin_table with accuracy 70% estimating value: KeyError: 'width'
2026-08-15 01:14:41 INFO        
2026-08-15 01:14:41 INFO        ENERGY ESTIMATION for aladdin_register(global_cycle_seconds=1e-09, action_latency_cycles=1, cycle_seconds=1e-09, technology=45nm, n_instances=1).leak(global_cycle_seconds=1e-09, action_latency_cycles=1, cycle_seconds=1e-09, technology=45nm, n_instances=1)
2026-08-15 01:14:41 INFO        Library estimated 0.0p with accuracy 90%. Messages:
2026-08-15 01:14:41 INFO        | Found 1 entries for aladdin_register.leak.
2026-08-15 01:14:41 INFO        | Checking entry "{'technology': '40nm', 'global_cycle_seconds': '1e-9', 'width|datawidth': '1', 'dynamic energy(pJ)': '0', 'area(um^2)': '5.98E+00', 'action': 'leak', 'name': 'aladdin_register', 'n_instances': 1}
2026-08-15 01:14:41 INFO        | value=0.0, matching_attrs=2, log=['Scaling global_cycle_seconds from 1e-9 to 1e-09', 'Scaling technology from 40nm to 45nm', 'Scaled aladdin_register.global_cycle_seconds from 1e-09 to 1e-09: 1.0x leak', 'Scaled aladdin_register.technology from 40.0 to 45.0: 1.265241016612673x leak', 'aladdin_register leak has been scaled 1.265241016612673x']
2026-08-15 01:14:41 INFO        | Best-matching entry: {'technology': '40nm', 'global_cycle_seconds': '1e-9', 'width|datawidth': '1', 'dynamic energy(pJ)': '0', 'area(um^2)': '5.98E+00', 'action': 'leak', 'name': 'aladdin_register', 'n_instances': 1}
2026-08-15 01:14:41 INFO        | Scaling global_cycle_seconds from 1e-9 to 1e-09
2026-08-15 01:14:41 INFO        | Scaling technology from 40nm to 45nm
2026-08-15 01:14:41 INFO        | Scaled aladdin_register.global_cycle_seconds from 1e-09 to 1e-09: 1.0x leak
2026-08-15 01:14:41 INFO        | Scaled aladdin_register.technology from 40.0 to 45.0: 1.265241016612673x leak
2026-08-15 01:14:41 INFO        | aladdin_register leak has been scaled 1.265241016612673x
2026-08-15 01:14:41 INFO        | Multiplying by n_instances 1
2026-08-15 01:14:41 INFO        
2026-08-15 01:14:41 INFO        ENERGY ESTIMATION for aladdin_comparator(n_bits=6, global_cycle_seconds=1e-09, action_latency_cycles=1, cycle_seconds=1e-09, technology=45nm, n_instances=1).leak(global_cycle_seconds=1e-09, action_latency_cycles=1, cycle_seconds=1e-09, technology=45nm, n_instances=1)
2026-08-15 01:14:41 INFO        Library estimated 3.175754951697809e-05p with accuracy 90%. Messages:
2026-08-15 01:14:41 INFO        | Found 1 entries for aladdin_comparator.leak.
2026-08-15 01:14:41 INFO        | Checking entry "{'technology': '40nm', 'global_cycle_seconds': '1e-9', 'width|datawidth': '32', 'energy(pJ)': '2.51E-05', 'area(um^2)': '71', 'action': 'leak', 'name': 'aladdin_comparator', 'n_instances': 1}
2026-08-15 01:14:41 INFO        | value=2.51e-05, matching_attrs=2, log=['Scaling global_cycle_seconds from 1e-9 to 1e-09', 'Scaling technology from 40nm to 45nm', 'Scaled aladdin_comparator.global_cycle_seconds from 1e-09 to 1e-09: 1.0x leak', 'Scaled aladdin_comparator.technology from 40.0 to 45.0: 1.265241016612673x leak', 'aladdin_comparator leak has been scaled 1.265241016612673x']
2026-08-15 01:14:41 INFO        | Best-matching entry: {'technology': '40nm', 'global_cycle_seconds': '1e-9', 'width|datawidth': '32', 'energy(pJ)': '2.51E-05', 'area(um^2)': '71', 'action': 'leak', 'name': 'aladdin_comparator', 'n_instances': 1}
2026-08-15 01:14:41 INFO        | Scaling global_cycle_seconds from 1e-9 to 1e-09
2026-08-15 01:14:41 INFO        | Scaling technology from 40nm to 45nm
2026-08-15 01:14:41 INFO        | Scaled aladdin_comparator.global_cycle_seconds from 1e-09 to 1e-09: 1.0x leak
2026-08-15 01:14:41 INFO        | Scaled aladdin_comparator.technology from 40.0 to 45.0: 1.265241016612673x leak
2026-08-15 01:14:41 INFO        | aladdin_comparator leak has been scaled 1.265241016612673x
2026-08-15 01:14:41 INFO        | Multiplying by n_instances 1
2026-08-15 01:14:41 INFO        
2026-08-15 01:14:41 INFO        ENERGY ESTIMATION for intadder(n_bits=4, precision=4, global_cycle_seconds=1e-09, action_latency_cycles=1, cycle_seconds=1e-09, technology=45nm, n_instances=1).leak(global_cycle_seconds=1e-09, action_latency_cycles=1, cycle_seconds=1e-09, technology=45nm, n_instances=1)
2026-08-15 01:14:41 INFO        Neurosim Plug-In estimated 1.4807179999999997e-06p with accuracy 70%. Messages:
2026-08-15 01:14:41 INFO        | WARN: Non-numeric 45nm for parameter technology. Using 45 instead.
2026-08-15 01:14:41 INFO        | Multiplying by n_instances 1
2026-08-15 01:14:41 INFO        Plug-ins provided accuracy, but failed to estimate:
2026-08-15 01:14:41 INFO        | Aladdin_table with accuracy 70% estimating value: KeyError: 'width'
2026-08-15 01:14:41 INFO        
2026-08-15 01:14:41 INFO        ENERGY ESTIMATION for aladdin_register(global_cycle_seconds=1e-09, action_latency_cycles=1, cycle_seconds=1e-09, technology=45nm, n_instances=1).write(global_cycle_seconds=1e-09, action_latency_cycles=1, cycle_seconds=1e-09, technology=45nm, n_instances=1)
2026-08-15 01:14:41 INFO        Library estimated 0.0p with accuracy 90%. Messages:
2026-08-15 01:14:41 INFO        | Found 1 entries for aladdin_register.write.
2026-08-15 01:14:41 INFO        | Checking entry "{'technology': '40nm', 'global_cycle_seconds': '1e-9', 'width|datawidth': '1', 'dynamic energy(pJ)': '0', 'area(um^2)': '5.98E+00', 'action': 'write', 'name': 'aladdin_register', 'n_instances': 1}
2026-08-15 01:14:41 INFO        | value=0.0, matching_attrs=2, log=['Scaling global_cycle_seconds from 1e-9 to 1e-09', 'Scaling technology from 40nm to 45nm', 'Scaled aladdin_register.global_cycle_seconds from 1e-09 to 1e-09: 1x energy', 'Scaled aladdin_register.technology from 40.0 to 45.0: 1.265241016612673x energy', 'aladdin_register energy has been scaled 1.265241016612673x']
2026-08-15 01:14:41 INFO        | Best-matching entry: {'technology': '40nm', 'global_cycle_seconds': '1e-9', 'width|datawidth': '1', 'dynamic energy(pJ)': '0', 'area(um^2)': '5.98E+00', 'action': 'write', 'name': 'aladdin_register', 'n_instances': 1}
2026-08-15 01:14:41 INFO        | Scaling global_cycle_seconds from 1e-9 to 1e-09
2026-08-15 01:14:41 INFO        | Scaling technology from 40nm to 45nm
2026-08-15 01:14:41 INFO        | Scaled aladdin_register.global_cycle_seconds from 1e-09 to 1e-09: 1x energy
2026-08-15 01:14:41 INFO        | Scaled aladdin_register.technology from 40.0 to 45.0: 1.265241016612673x energy
2026-08-15 01:14:41 INFO        | aladdin_register energy has been scaled 1.265241016612673x
2026-08-15 01:14:41 INFO        
2026-08-15 01:14:41 INFO        ENERGY ESTIMATION for aladdin_comparator(n_bits=6, global_cycle_seconds=1e-09, action_latency_cycles=1, cycle_seconds=1e-09, technology=45nm, n_instances=1).compare(global_cycle_seconds=1e-09, action_latency_cycles=1, cycle_seconds=1e-09, technology=45nm, n_instances=1)
2026-08-15 01:14:41 INFO        Library estimated 0.037286652759575475p with accuracy 90%. Messages:
2026-08-15 01:14:41 INFO        | Found 1 entries for aladdin_comparator.compare.
2026-08-15 01:14:41 INFO        | Checking entry "{'technology': '40nm', 'global_cycle_seconds': '1e-9', 'width|datawidth': '32', 'energy(pJ)': '0.02947', 'area(um^2)': '71', 'action': 'compare', 'name': 'aladdin_comparator', 'n_instances': 1}
2026-08-15 01:14:41 INFO        | value=0.02947, matching_attrs=2, log=['Scaling global_cycle_seconds from 1e-9 to 1e-09', 'Scaling technology from 40nm to 45nm', 'Scaled aladdin_comparator.global_cycle_seconds from 1e-09 to 1e-09: 1x energy', 'Scaled aladdin_comparator.technology from 40.0 to 45.0: 1.265241016612673x energy', 'aladdin_comparator energy has been scaled 1.265241016612673x']
2026-08-15 01:14:41 INFO        | Best-matching entry: {'technology': '40nm', 'global_cycle_seconds': '1e-9', 'width|datawidth': '32', 'energy(pJ)': '0.02947', 'area(um^2)': '71', 'action': 'compare', 'name': 'aladdin_comparator', 'n_instances': 1}
2026-08-15 01:14:41 INFO        | Scaling global_cycle_seconds from 1e-9 to 1e-09
2026-08-15 01:14:41 INFO        | Scaling technology from 40nm to 45nm
2026-08-15 01:14:41 INFO        | Scaled aladdin_comparator.global_cycle_seconds from 1e-09 to 1e-09: 1x energy
2026-08-15 01:14:41 INFO        | Scaled aladdin_comparator.technology from 40.0 to 45.0: 1.265241016612673x energy
2026-08-15 01:14:41 INFO        | aladdin_comparator energy has been scaled 1.265241016612673x
2026-08-15 01:14:41 INFO        
2026-08-15 01:14:41 INFO        ENERGY ESTIMATION for intadder(n_bits=4, precision=4, global_cycle_seconds=1e-09, action_latency_cycles=1, cycle_seconds=1e-09, technology=45nm, n_instances=1).add(global_cycle_seconds=1e-09, action_latency_cycles=1, cycle_seconds=1e-09, technology=45nm, n_instances=1)
2026-08-15 01:14:41 INFO        Neurosim Plug-In estimated 0.016354909999999997p with accuracy 70%. Messages:
2026-08-15 01:14:41 INFO        | WARN: Non-numeric 45nm for parameter technology. Using 45 instead.
2026-08-15 01:14:41 INFO        Plug-ins provided accuracy, but failed to estimate:
2026-08-15 01:14:41 INFO        | Aladdin_table with accuracy 70% estimating value: KeyError: 'width'
2026-08-15 01:14:41 INFO        
2026-08-15 01:14:41 INFO        ENERGY ESTIMATION for aladdin_register(global_cycle_seconds=1e-09, action_latency_cycles=1, cycle_seconds=1e-09, technology=45nm, n_instances=1).write(global_cycle_seconds=1e-09, action_latency_cycles=1, cycle_seconds=1e-09, technology=45nm, n_instances=1)
2026-08-15 01:14:41 INFO        Library estimated 0.0p with accuracy 90%. Messages:
2026-08-15 01:14:41 INFO        | Found 1 entries for aladdin_register.write.
2026-08-15 01:14:41 INFO        | Checking entry "{'technology': '40nm', 'global_cycle_seconds': '1e-9', 'width|datawidth': '1', 'dynamic energy(pJ)': '0', 'area(um^2)': '5.98E+00', 'action': 'write', 'name': 'aladdin_register', 'n_instances': 1}
2026-08-15 01:14:41 INFO        | value=0.0, matching_attrs=2, log=['Scaling global_cycle_seconds from 1e-9 to 1e-09', 'Scaling technology from 40nm to 45nm', 'Scaled aladdin_register.global_cycle_seconds from 1e-09 to 1e-09: 1x energy', 'Scaled aladdin_register.technology from 40.0 to 45.0: 1.265241016612673x energy', 'aladdin_register energy has been scaled 1.265241016612673x']
2026-08-15 01:14:41 INFO        | Best-matching entry: {'technology': '40nm', 'global_cycle_seconds': '1e-9', 'width|datawidth': '1', 'dynamic energy(pJ)': '0', 'area(um^2)': '5.98E+00', 'action': 'write', 'name': 'aladdin_register', 'n_instances': 1}
2026-08-15 01:14:41 INFO        | Scaling global_cycle_seconds from 1e-9 to 1e-09
2026-08-15 01:14:41 INFO        | Scaling technology from 40nm to 45nm
2026-08-15 01:14:41 INFO        | Scaled aladdin_register.global_cycle_seconds from 1e-09 to 1e-09: 1x energy
2026-08-15 01:14:41 INFO        | Scaled aladdin_register.technology from 40.0 to 45.0: 1.265241016612673x energy
2026-08-15 01:14:41 INFO        | aladdin_register energy has been scaled 1.265241016612673x
2026-08-15 01:14:41 INFO        
2026-08-15 01:14:41 INFO        ENERGY ESTIMATION for aladdin_comparator(n_bits=8, global_cycle_seconds=1e-09, action_latency_cycles=1, cycle_seconds=1e-09, technology=45nm, n_instances=1).compare(global_cycle_seconds=1e-09, action_latency_cycles=1, cycle_seconds=1e-09, technology=45nm, n_instances=1)
2026-08-15 01:14:41 INFO        Library estimated 0.037286652759575475p with accuracy 90%. Messages:
2026-08-15 01:14:41 INFO        | Found 1 entries for aladdin_comparator.compare.
2026-08-15 01:14:41 INFO        | Checking entry "{'technology': '40nm', 'global_cycle_seconds': '1e-9', 'width|datawidth': '32', 'energy(pJ)': '0.02947', 'area(um^2)': '71', 'action': 'compare', 'name': 'aladdin_comparator', 'n_instances': 1}
2026-08-15 01:14:41 INFO        | value=0.02947, matching_attrs=2, log=['Scaling global_cycle_seconds from 1e-9 to 1e-09', 'Scaling technology from 40nm to 45nm', 'Scaled aladdin_comparator.global_cycle_seconds from 1e-09 to 1e-09: 1x energy', 'Scaled aladdin_comparator.technology from 40.0 to 45.0: 1.265241016612673x energy', 'aladdin_comparator energy has been scaled 1.265241016612673x']
2026-08-15 01:14:41 INFO        | Best-matching entry: {'technology': '40nm', 'global_cycle_seconds': '1e-9', 'width|datawidth': '32', 'energy(pJ)': '0.02947', 'area(um^2)': '71', 'action': 'compare', 'name': 'aladdin_comparator', 'n_instances': 1}
2026-08-15 01:14:41 INFO        | Scaling global_cycle_seconds from 1e-9 to 1e-09
2026-08-15 01:14:41 INFO        | Scaling technology from 40nm to 45nm
2026-08-15 01:14:41 INFO        | Scaled aladdin_comparator.global_cycle_seconds from 1e-09 to 1e-09: 1x energy
2026-08-15 01:14:41 INFO        | Scaled aladdin_comparator.technology from 40.0 to 45.0: 1.265241016612673x energy
2026-08-15 01:14:41 INFO        | aladdin_comparator energy has been scaled 1.265241016612673x
2026-08-15 01:14:41 INFO        
2026-08-15 01:14:41 INFO        ENERGY ESTIMATION for intadder(n_bits=8, precision=8, global_cycle_seconds=1e-09, action_latency_cycles=1, cycle_seconds=1e-09, technology=45nm, n_instances=1).add(global_cycle_seconds=1e-09, action_latency_cycles=1, cycle_seconds=1e-09, technology=45nm, n_instances=1)
2026-08-15 01:14:41 INFO        Neurosim Plug-In estimated 0.03243378p with accuracy 70%. Messages:
2026-08-15 01:14:41 INFO        | WARN: Non-numeric 45nm for parameter technology. Using 45 instead.
2026-08-15 01:14:41 INFO        | Building a crossbar with cell file /usr/local/share/accelergy/estimation_plug_ins/accelergy-neurosim-plugin/cells/placeholder.cell
2026-08-15 01:14:41 INFO        | Neurosim Plugin parsing cell file...
2026-08-15 01:14:41 INFO        | 	Failed to calculate "widthSRAMCellNMOS:". Ignore if this value is not needed.
2026-08-15 01:14:41 INFO        | 		Could not find -SRAMCellNMOSWidth (F): in cell file.
2026-08-15 01:14:41 INFO        | 	Failed to calculate "widthSRAMCellPMOS:". Ignore if this value is not needed.
2026-08-15 01:14:41 INFO        | 		Could not find -SRAMCellPMOSWidth (F): in cell file.
2026-08-15 01:14:41 INFO        | 	Failed to calculate "minSenseVoltage:". Ignore if this value is not needed.
2026-08-15 01:14:41 INFO        | 		Could not find -MinSenseVoltage (mV): in cell file.
2026-08-15 01:14:41 INFO        | 	Failed to calculate "accessTransistorResistance:". Ignore if this value is not needed.
2026-08-15 01:14:41 INFO        | 		Could not find -AccessTransistorResistance (ohm): in cell file.
2026-08-15 01:14:41 INFO        | 	Failed to calculate "WriteVoltage:". Ignore if this value is not needed.
2026-08-15 01:14:41 INFO        | 		Could not find -WriteVoltage (V): in cell file.
2026-08-15 01:14:41 INFO        | 	Failed to calculate "SET_CURRENT". Ignore if this value is not needed.
2026-08-15 01:14:41 INFO        | 		Could not find -SetCurrent (uA): in cell file.
2026-08-15 01:14:41 INFO        | 	Failed to calculate "SET_POWER". Ignore if this value is not needed.
2026-08-15 01:14:41 INFO        | 		Could not find -SetPower (uW): in cell file.
2026-08-15 01:14:41 INFO        | 	Failed to calculate "READ_CURRENT". Ignore if this value is not needed.
2026-08-15 01:14:41 INFO        | 		Could not find -ReadCurrent (uA): in cell file.
2026-08-15 01:14:41 INFO        | 	Failed to calculate "READ_ENERGY". Ignore if this value is not needed.
2026-08-15 01:14:41 INFO        | 		Could not find -ReadEnergy (pJ): in cell file.
2026-08-15 01:14:41 INFO        | 	Failed to calculate "cellCapacitanceMultiplier:". Ignore if this value is not needed.
2026-08-15 01:14:41 INFO        | 		Could not find -CellCapacitanceMultiplier: in cell file.
2026-08-15 01:14:41 INFO        | 	Failed to calculate "cellCapacitanceAdjust:". Ignore if this value is not needed.
2026-08-15 01:14:41 INFO        | 		Could not find -CellCapacitanceAdjust (F): in cell file.
2026-08-15 01:14:41 INFO        | 	Failed to calculate "deviceRoadmap:". Ignore if this value is not needed.
2026-08-15 01:14:41 INFO        | 		Could not find -DeviceRoadmap -1LP 1HP 2LSTP: in cell file.
2026-08-15 01:14:41 INFO        | Running /usr/local/share/accelergy/estimation_plug_ins/accelergy-neurosim-plugin/NeuroSim/main /usr/local/share/accelergy/estimation_plug_ins/accelergy-neurosim-plugin/neurosim_input_308.cfg
2026-08-15 01:14:41 INFO        | Crossbar minimum latency is 2.808 ns to read 8.0 columns at once.
2026-08-15 01:14:41 INFO        Plug-ins provided accuracy, but failed to estimate:
2026-08-15 01:14:41 INFO        | Aladdin_table with accuracy 70% estimating value: KeyError: 'width'
2026-08-15 01:14:41 INFO        
2026-08-15 01:14:41 INFO        ENERGY ESTIMATION for aladdin_register(global_cycle_seconds=1e-09, action_latency_cycles=1, cycle_seconds=1e-09, technology=45nm, n_instances=1).read(global_cycle_seconds=1e-09, action_latency_cycles=1, cycle_seconds=1e-09, technology=45nm, n_instances=1)
2026-08-15 01:14:41 INFO        Library estimated 0.011387169149514056p with accuracy 90%. Messages:
2026-08-15 01:14:41 INFO        | Found 1 entries for aladdin_register.read.
2026-08-15 01:14:41 INFO        | Checking entry "{'technology': '40nm', 'global_cycle_seconds': '1e-9', 'width|datawidth': '1', 'dynamic energy(pJ)': '0.009', 'area(um^2)': '5.98E+00', 'action': 'read', 'name': 'aladdin_register', 'n_instances': 1}
2026-08-15 01:14:41 INFO        | value=0.009, matching_attrs=2, log=['Scaling global_cycle_seconds from 1e-9 to 1e-09', 'Scaling technology from 40nm to 45nm', 'Scaled aladdin_register.global_cycle_seconds from 1e-09 to 1e-09: 1x energy', 'Scaled aladdin_register.technology from 40.0 to 45.0: 1.265241016612673x energy', 'aladdin_register energy has been scaled 1.265241016612673x']
2026-08-15 01:14:41 INFO        | Best-matching entry: {'technology': '40nm', 'global_cycle_seconds': '1e-9', 'width|datawidth': '1', 'dynamic energy(pJ)': '0.009', 'area(um^2)': '5.98E+00', 'action': 'read', 'name': 'aladdin_register', 'n_instances': 1}
2026-08-15 01:14:41 INFO        | Scaling global_cycle_seconds from 1e-9 to 1e-09
2026-08-15 01:14:41 INFO        | Scaling technology from 40nm to 45nm
2026-08-15 01:14:41 INFO        | Scaled aladdin_register.global_cycle_seconds from 1e-09 to 1e-09: 1x energy
2026-08-15 01:14:41 INFO        | Scaled aladdin_register.technology from 40.0 to 45.0: 1.265241016612673x energy
2026-08-15 01:14:41 INFO        | aladdin_register energy has been scaled 1.265241016612673x
2026-08-15 01:14:41 INFO        
2026-08-15 01:14:41 INFO        ENERGY ESTIMATION for aladdin_comparator(n_bits=8, global_cycle_seconds=1e-09, action_latency_cycles=1, cycle_seconds=1e-09, technology=45nm, n_instances=1).compare(global_cycle_seconds=1e-09, action_latency_cycles=1, cycle_seconds=1e-09, technology=45nm, n_instances=1)
2026-08-15 01:14:41 INFO        Library estimated 0.037286652759575475p with accuracy 90%. Messages:
2026-08-15 01:14:41 INFO        | Found 1 entries for aladdin_comparator.compare.
2026-08-15 01:14:41 INFO        | Checking entry "{'technology': '40nm', 'global_cycle_seconds': '1e-9', 'width|datawidth': '32', 'energy(pJ)': '0.02947', 'area(um^2)': '71', 'action': 'compare', 'name': 'aladdin_comparator', 'n_instances': 1}
2026-08-15 01:14:41 INFO        | value=0.02947, matching_attrs=2, log=['Scaling global_cycle_seconds from 1e-9 to 1e-09', 'Scaling technology from 40nm to 45nm', 'Scaled aladdin_comparator.global_cycle_seconds from 1e-09 to 1e-09: 1x energy', 'Scaled aladdin_comparator.technology from 40.0 to 45.0: 1.265241016612673x energy', 'aladdin_comparator energy has been scaled 1.265241016612673x']
2026-08-15 01:14:41 INFO        | Best-matching entry: {'technology': '40nm', 'global_cycle_seconds': '1e-9', 'width|datawidth': '32', 'energy(pJ)': '0.02947', 'area(um^2)': '71', 'action': 'compare', 'name': 'aladdin_comparator', 'n_instances': 1}
2026-08-15 01:14:41 INFO        | Scaling global_cycle_seconds from 1e-9 to 1e-09
2026-08-15 01:14:41 INFO        | Scaling technology from 40nm to 45nm
2026-08-15 01:14:41 INFO        | Scaled aladdin_comparator.global_cycle_seconds from 1e-09 to 1e-09: 1x energy
2026-08-15 01:14:41 INFO        | Scaled aladdin_comparator.technology from 40.0 to 45.0: 1.265241016612673x energy
2026-08-15 01:14:41 INFO        | aladdin_comparator energy has been scaled 1.265241016612673x
2026-08-15 01:14:41 INFO        
2026-08-15 01:14:41 INFO        ENERGY ESTIMATION for intadder(n_bits=8, precision=8, global_cycle_seconds=1e-09, action_latency_cycles=1, cycle_seconds=1e-09, technology=45nm, n_instances=1).add(global_cycle_seconds=1e-09, action_latency_cycles=1, cycle_seconds=1e-09, technology=45nm, n_instances=1)
2026-08-15 01:14:41 INFO        Neurosim Plug-In estimated 0.03243378p with accuracy 70%. Messages:
2026-08-15 01:14:41 INFO        | WARN: Non-numeric 45nm for parameter technology. Using 45 instead.
2026-08-15 01:14:41 INFO        Plug-ins provided accuracy, but failed to estimate:
2026-08-15 01:14:41 INFO        | Aladdin_table with accuracy 70% estimating value: KeyError: 'width'
2026-08-15 01:14:41 INFO        
2026-08-15 01:14:41 INFO        ENERGY ESTIMATION for aladdin_register(global_cycle_seconds=1e-09, action_latency_cycles=1, cycle_seconds=1e-09, technology=45nm, n_instances=1).leak(global_cycle_seconds=1e-09, action_latency_cycles=1, cycle_seconds=1e-09, technology=45nm, n_instances=1)
2026-08-15 01:14:41 INFO        Library estimated 0.0p with accuracy 90%. Messages:
2026-08-15 01:14:41 INFO        | Found 1 entries for aladdin_register.leak.
2026-08-15 01:14:41 INFO        | Checking entry "{'technology': '40nm', 'global_cycle_seconds': '1e-9', 'width|datawidth': '1', 'dynamic energy(pJ)': '0', 'area(um^2)': '5.98E+00', 'action': 'leak', 'name': 'aladdin_register', 'n_instances': 1}
2026-08-15 01:14:41 INFO        | value=0.0, matching_attrs=2, log=['Scaling global_cycle_seconds from 1e-9 to 1e-09', 'Scaling technology from 40nm to 45nm', 'Scaled aladdin_register.global_cycle_seconds from 1e-09 to 1e-09: 1.0x leak', 'Scaled aladdin_register.technology from 40.0 to 45.0: 1.265241016612673x leak', 'aladdin_register leak has been scaled 1.265241016612673x']
2026-08-15 01:14:41 INFO        | Best-matching entry: {'technology': '40nm', 'global_cycle_seconds': '1e-9', 'width|datawidth': '1', 'dynamic energy(pJ)': '0', 'area(um^2)': '5.98E+00', 'action': 'leak', 'name': 'aladdin_register', 'n_instances': 1}
2026-08-15 01:14:41 INFO        | Scaling global_cycle_seconds from 1e-9 to 1e-09
2026-08-15 01:14:41 INFO        | Scaling technology from 40nm to 45nm
2026-08-15 01:14:41 INFO        | Scaled aladdin_register.global_cycle_seconds from 1e-09 to 1e-09: 1.0x leak
2026-08-15 01:14:41 INFO        | Scaled aladdin_register.technology from 40.0 to 45.0: 1.265241016612673x leak
2026-08-15 01:14:41 INFO        | aladdin_register leak has been scaled 1.265241016612673x
2026-08-15 01:14:41 INFO        | Multiplying by n_instances 1
2026-08-15 01:14:41 INFO        
2026-08-15 01:14:41 INFO        ENERGY ESTIMATION for aladdin_comparator(n_bits=8, global_cycle_seconds=1e-09, action_latency_cycles=1, cycle_seconds=1e-09, technology=45nm, n_instances=1).leak(global_cycle_seconds=1e-09, action_latency_cycles=1, cycle_seconds=1e-09, technology=45nm, n_instances=1)
2026-08-15 01:14:41 INFO        Library estimated 3.175754951697809e-05p with accuracy 90%. Messages:
2026-08-15 01:14:41 INFO        | Found 1 entries for aladdin_comparator.leak.
2026-08-15 01:14:41 INFO        | Checking entry "{'technology': '40nm', 'global_cycle_seconds': '1e-9', 'width|datawidth': '32', 'energy(pJ)': '2.51E-05', 'area(um^2)': '71', 'action': 'leak', 'name': 'aladdin_comparator', 'n_instances': 1}
2026-08-15 01:14:41 INFO        | value=2.51e-05, matching_attrs=2, log=['Scaling global_cycle_seconds from 1e-9 to 1e-09', 'Scaling technology from 40nm to 45nm', 'Scaled aladdin_comparator.global_cycle_seconds from 1e-09 to 1e-09: 1.0x leak', 'Scaled aladdin_comparator.technology from 40.0 to 45.0: 1.265241016612673x leak', 'aladdin_comparator leak has been scaled 1.265241016612673x']
2026-08-15 01:14:41 INFO        | Best-matching entry: {'technology': '40nm', 'global_cycle_seconds': '1e-9', 'width|datawidth': '32', 'energy(pJ)': '2.51E-05', 'area(um^2)': '71', 'action': 'leak', 'name': 'aladdin_comparator', 'n_instances': 1}
2026-08-15 01:14:41 INFO        | Scaling global_cycle_seconds from 1e-9 to 1e-09
2026-08-15 01:14:41 INFO        | Scaling technology from 40nm to 45nm
2026-08-15 01:14:41 INFO        | Scaled aladdin_comparator.global_cycle_seconds from 1e-09 to 1e-09: 1.0x leak
2026-08-15 01:14:41 INFO        | Scaled aladdin_comparator.technology from 40.0 to 45.0: 1.265241016612673x leak
2026-08-15 01:14:41 INFO        | aladdin_comparator leak has been scaled 1.265241016612673x
2026-08-15 01:14:41 INFO        | Multiplying by n_instances 1
2026-08-15 01:14:41 INFO        
2026-08-15 01:14:41 INFO        ENERGY ESTIMATION for intadder(n_bits=8, precision=8, global_cycle_seconds=1e-09, action_latency_cycles=1, cycle_seconds=1e-09, technology=45nm, n_instances=1).leak(global_cycle_seconds=1e-09, action_latency_cycles=1, cycle_seconds=1e-09, technology=45nm, n_instances=1)
2026-08-15 01:14:41 INFO        Neurosim Plug-In estimated 2.9614360000000003e-06p with accuracy 70%. Messages:
2026-08-15 01:14:41 INFO        | WARN: Non-numeric 45nm for parameter technology. Using 45 instead.
2026-08-15 01:14:41 INFO        | Multiplying by n_instances 1
2026-08-15 01:14:41 INFO        Plug-ins provided accuracy, but failed to estimate:
2026-08-15 01:14:41 INFO        | Aladdin_table with accuracy 70% estimating value: KeyError: 'width'
2026-08-15 01:14:41 INFO        
2026-08-15 01:14:41 INFO        ENERGY ESTIMATION for aladdin_register(global_cycle_seconds=1e-09, action_latency_cycles=1, cycle_seconds=1e-09, technology=45nm, n_instances=1).write(global_cycle_seconds=1e-09, action_latency_cycles=1, cycle_seconds=1e-09, technology=45nm, n_instances=1)
2026-08-15 01:14:41 INFO        Library estimated 0.0p with accuracy 90%. Messages:
2026-08-15 01:14:41 INFO        | Found 1 entries for aladdin_register.write.
2026-08-15 01:14:41 INFO        | Checking entry "{'technology': '40nm', 'global_cycle_seconds': '1e-9', 'width|datawidth': '1', 'dynamic energy(pJ)': '0', 'area(um^2)': '5.98E+00', 'action': 'write', 'name': 'aladdin_register', 'n_instances': 1}
2026-08-15 01:14:41 INFO        | value=0.0, matching_attrs=2, log=['Scaling global_cycle_seconds from 1e-9 to 1e-09', 'Scaling technology from 40nm to 45nm', 'Scaled aladdin_register.global_cycle_seconds from 1e-09 to 1e-09: 1x energy', 'Scaled aladdin_register.technology from 40.0 to 45.0: 1.265241016612673x energy', 'aladdin_register energy has been scaled 1.265241016612673x']
2026-08-15 01:14:41 INFO        | Best-matching entry: {'technology': '40nm', 'global_cycle_seconds': '1e-9', 'width|datawidth': '1', 'dynamic energy(pJ)': '0', 'area(um^2)': '5.98E+00', 'action': 'write', 'name': 'aladdin_register', 'n_instances': 1}
2026-08-15 01:14:41 INFO        | Scaling global_cycle_seconds from 1e-9 to 1e-09
2026-08-15 01:14:41 INFO        | Scaling technology from 40nm to 45nm
2026-08-15 01:14:41 INFO        | Scaled aladdin_register.global_cycle_seconds from 1e-09 to 1e-09: 1x energy
2026-08-15 01:14:41 INFO        | Scaled aladdin_register.technology from 40.0 to 45.0: 1.265241016612673x energy
2026-08-15 01:14:41 INFO        | aladdin_register energy has been scaled 1.265241016612673x
2026-08-15 01:14:41 INFO        
2026-08-15 01:14:41 INFO        ENERGY ESTIMATION for aladdin_comparator(n_bits=8, global_cycle_seconds=1e-09, action_latency_cycles=1, cycle_seconds=1e-09, technology=45nm, n_instances=1).compare(global_cycle_seconds=1e-09, action_latency_cycles=1, cycle_seconds=1e-09, technology=45nm, n_instances=1)
2026-08-15 01:14:41 INFO        Library estimated 0.037286652759575475p with accuracy 90%. Messages:
2026-08-15 01:14:41 INFO        | Found 1 entries for aladdin_comparator.compare.
2026-08-15 01:14:41 INFO        | Checking entry "{'technology': '40nm', 'global_cycle_seconds': '1e-9', 'width|datawidth': '32', 'energy(pJ)': '0.02947', 'area(um^2)': '71', 'action': 'compare', 'name': 'aladdin_comparator', 'n_instances': 1}
2026-08-15 01:14:41 INFO        | value=0.02947, matching_attrs=2, log=['Scaling global_cycle_seconds from 1e-9 to 1e-09', 'Scaling technology from 40nm to 45nm', 'Scaled aladdin_comparator.global_cycle_seconds from 1e-09 to 1e-09: 1x energy', 'Scaled aladdin_comparator.technology from 40.0 to 45.0: 1.265241016612673x energy', 'aladdin_comparator energy has been scaled 1.265241016612673x']
2026-08-15 01:14:41 INFO        | Best-matching entry: {'technology': '40nm', 'global_cycle_seconds': '1e-9', 'width|datawidth': '32', 'energy(pJ)': '0.02947', 'area(um^2)': '71', 'action': 'compare', 'name': 'aladdin_comparator', 'n_instances': 1}
2026-08-15 01:14:41 INFO        | Scaling global_cycle_seconds from 1e-9 to 1e-09
2026-08-15 01:14:41 INFO        | Scaling technology from 40nm to 45nm
2026-08-15 01:14:41 INFO        | Scaled aladdin_comparator.global_cycle_seconds from 1e-09 to 1e-09: 1x energy
2026-08-15 01:14:41 INFO        | Scaled aladdin_comparator.technology from 40.0 to 45.0: 1.265241016612673x energy
2026-08-15 01:14:41 INFO        | aladdin_comparator energy has been scaled 1.265241016612673x
2026-08-15 01:14:41 INFO        
2026-08-15 01:14:41 INFO        ENERGY ESTIMATION for intadder(n_bits=8, precision=8, global_cycle_seconds=1e-09, action_latency_cycles=1, cycle_seconds=1e-09, technology=45nm, n_instances=1).add(global_cycle_seconds=1e-09, action_latency_cycles=1, cycle_seconds=1e-09, technology=45nm, n_instances=1)
2026-08-15 01:14:41 INFO        Neurosim Plug-In estimated 0.03243378p with accuracy 70%. Messages:
2026-08-15 01:14:41 INFO        | WARN: Non-numeric 45nm for parameter technology. Using 45 instead.
2026-08-15 01:14:41 INFO        Plug-ins provided accuracy, but failed to estimate:
2026-08-15 01:14:41 INFO        | Aladdin_table with accuracy 70% estimating value: KeyError: 'width'
2026-08-15 01:14:41 INFO        
2026-08-15 01:14:41 INFO        ENERGY ESTIMATION for aladdin_register(global_cycle_seconds=1e-09, action_latency_cycles=1, cycle_seconds=1e-09, technology=45nm, n_instances=1).write(global_cycle_seconds=1e-09, action_latency_cycles=1, cycle_seconds=1e-09, technology=45nm, n_instances=1)
2026-08-15 01:14:41 INFO        Library estimated 0.0p with accuracy 90%. Messages:
2026-08-15 01:14:41 INFO        | Found 1 entries for aladdin_register.write.
2026-08-15 01:14:41 INFO        | Checking entry "{'technology': '40nm', 'global_cycle_seconds': '1e-9', 'width|datawidth': '1', 'dynamic energy(pJ)': '0', 'area(um^2)': '5.98E+00', 'action': 'write', 'name': 'aladdin_register', 'n_instances': 1}
2026-08-15 01:14:41 INFO        | value=0.0, matching_attrs=2, log=['Scaling global_cycle_seconds from 1e-9 to 1e-09', 'Scaling technology from 40nm to 45nm', 'Scaled aladdin_register.global_cycle_seconds from 1e-09 to 1e-09: 1x energy', 'Scaled aladdin_register.technology from 40.0 to 45.0: 1.265241016612673x energy', 'aladdin_register energy has been scaled 1.265241016612673x']
2026-08-15 01:14:41 INFO        | Best-matching entry: {'technology': '40nm', 'global_cycle_seconds': '1e-9', 'width|datawidth': '1', 'dynamic energy(pJ)': '0', 'area(um^2)': '5.98E+00', 'action': 'write', 'name': 'aladdin_register', 'n_instances': 1}
2026-08-15 01:14:41 INFO        | Scaling global_cycle_seconds from 1e-9 to 1e-09
2026-08-15 01:14:41 INFO        | Scaling technology from 40nm to 45nm
2026-08-15 01:14:41 INFO        | Scaled aladdin_register.global_cycle_seconds from 1e-09 to 1e-09: 1x energy
2026-08-15 01:14:41 INFO        | Scaled aladdin_register.technology from 40.0 to 45.0: 1.265241016612673x energy
2026-08-15 01:14:41 INFO        | aladdin_register energy has been scaled 1.265241016612673x
2026-08-15 01:14:41 INFO        
2026-08-15 01:14:41 INFO        ENERGY ESTIMATION for aladdin_comparator(n_bits=6, global_cycle_seconds=1e-09, action_latency_cycles=1, cycle_seconds=1e-09, technology=45nm, n_instances=1).compare(global_cycle_seconds=1e-09, action_latency_cycles=1, cycle_seconds=1e-09, technology=45nm, n_instances=1)
2026-08-15 01:14:41 INFO        Library estimated 0.037286652759575475p with accuracy 90%. Messages:
2026-08-15 01:14:41 INFO        | Found 1 entries for aladdin_comparator.compare.
2026-08-15 01:14:41 INFO        | Checking entry "{'technology': '40nm', 'global_cycle_seconds': '1e-9', 'width|datawidth': '32', 'energy(pJ)': '0.02947', 'area(um^2)': '71', 'action': 'compare', 'name': 'aladdin_comparator', 'n_instances': 1}
2026-08-15 01:14:41 INFO        | value=0.02947, matching_attrs=2, log=['Scaling global_cycle_seconds from 1e-9 to 1e-09', 'Scaling technology from 40nm to 45nm', 'Scaled aladdin_comparator.global_cycle_seconds from 1e-09 to 1e-09: 1x energy', 'Scaled aladdin_comparator.technology from 40.0 to 45.0: 1.265241016612673x energy', 'aladdin_comparator energy has been scaled 1.265241016612673x']
2026-08-15 01:14:41 INFO        | Best-matching entry: {'technology': '40nm', 'global_cycle_seconds': '1e-9', 'width|datawidth': '32', 'energy(pJ)': '0.02947', 'area(um^2)': '71', 'action': 'compare', 'name': 'aladdin_comparator', 'n_instances': 1}
2026-08-15 01:14:41 INFO        | Scaling global_cycle_seconds from 1e-9 to 1e-09
2026-08-15 01:14:41 INFO        | Scaling technology from 40nm to 45nm
2026-08-15 01:14:41 INFO        | Scaled aladdin_comparator.global_cycle_seconds from 1e-09 to 1e-09: 1x energy
2026-08-15 01:14:41 INFO        | Scaled aladdin_comparator.technology from 40.0 to 45.0: 1.265241016612673x energy
2026-08-15 01:14:41 INFO        | aladdin_comparator energy has been scaled 1.265241016612673x
2026-08-15 01:14:41 INFO        
2026-08-15 01:14:41 INFO        ENERGY ESTIMATION for intadder(n_bits=4, precision=4, global_cycle_seconds=1e-09, action_latency_cycles=1, cycle_seconds=1e-09, technology=45nm, n_instances=1).add(global_cycle_seconds=1e-09, action_latency_cycles=1, cycle_seconds=1e-09, technology=45nm, n_instances=1)
2026-08-15 01:14:41 INFO        Neurosim Plug-In estimated 0.016354909999999997p with accuracy 70%. Messages:
2026-08-15 01:14:41 INFO        | WARN: Non-numeric 45nm for parameter technology. Using 45 instead.
2026-08-15 01:14:41 INFO        Plug-ins provided accuracy, but failed to estimate:
2026-08-15 01:14:41 INFO        | Aladdin_table with accuracy 70% estimating value: KeyError: 'width'
2026-08-15 01:14:41 INFO        
2026-08-15 01:14:41 INFO        ENERGY ESTIMATION for aladdin_register(global_cycle_seconds=1e-09, action_latency_cycles=1, cycle_seconds=1e-09, technology=45nm, n_instances=1).read(global_cycle_seconds=1e-09, action_latency_cycles=1, cycle_seconds=1e-09, technology=45nm, n_instances=1)
2026-08-15 01:14:41 INFO        Library estimated 0.011387169149514056p with accuracy 90%. Messages:
2026-08-15 01:14:41 INFO        | Found 1 entries for aladdin_register.read.
2026-08-15 01:14:41 INFO        | Checking entry "{'technology': '40nm', 'global_cycle_seconds': '1e-9', 'width|datawidth': '1', 'dynamic energy(pJ)': '0.009', 'area(um^2)': '5.98E+00', 'action': 'read', 'name': 'aladdin_register', 'n_instances': 1}
2026-08-15 01:14:41 INFO        | value=0.009, matching_attrs=2, log=['Scaling global_cycle_seconds from 1e-9 to 1e-09', 'Scaling technology from 40nm to 45nm', 'Scaled aladdin_register.global_cycle_seconds from 1e-09 to 1e-09: 1x energy', 'Scaled aladdin_register.technology from 40.0 to 45.0: 1.265241016612673x energy', 'aladdin_register energy has been scaled 1.265241016612673x']
2026-08-15 01:14:41 INFO        | Best-matching entry: {'technology': '40nm', 'global_cycle_seconds': '1e-9', 'width|datawidth': '1', 'dynamic energy(pJ)': '0.009', 'area(um^2)': '5.98E+00', 'action': 'read', 'name': 'aladdin_register', 'n_instances': 1}
2026-08-15 01:14:41 INFO        | Scaling global_cycle_seconds from 1e-9 to 1e-09
2026-08-15 01:14:41 INFO        | Scaling technology from 40nm to 45nm
2026-08-15 01:14:41 INFO        | Scaled aladdin_register.global_cycle_seconds from 1e-09 to 1e-09: 1x energy
2026-08-15 01:14:41 INFO        | Scaled aladdin_register.technology from 40.0 to 45.0: 1.265241016612673x energy
2026-08-15 01:14:41 INFO        | aladdin_register energy has been scaled 1.265241016612673x
2026-08-15 01:14:41 INFO        
2026-08-15 01:14:41 INFO        ENERGY ESTIMATION for aladdin_comparator(n_bits=6, global_cycle_seconds=1e-09, action_latency_cycles=1, cycle_seconds=1e-09, technology=45nm, n_instances=1).compare(global_cycle_seconds=1e-09, action_latency_cycles=1, cycle_seconds=1e-09, technology=45nm, n_instances=1)
2026-08-15 01:14:41 INFO        Library estimated 0.037286652759575475p with accuracy 90%. Messages:
2026-08-15 01:14:41 INFO        | Found 1 entries for aladdin_comparator.compare.
2026-08-15 01:14:41 INFO        | Checking entry "{'technology': '40nm', 'global_cycle_seconds': '1e-9', 'width|datawidth': '32', 'energy(pJ)': '0.02947', 'area(um^2)': '71', 'action': 'compare', 'name': 'aladdin_comparator', 'n_instances': 1}
2026-08-15 01:14:41 INFO        | value=0.02947, matching_attrs=2, log=['Scaling global_cycle_seconds from 1e-9 to 1e-09', 'Scaling technology from 40nm to 45nm', 'Scaled aladdin_comparator.global_cycle_seconds from 1e-09 to 1e-09: 1x energy', 'Scaled aladdin_comparator.technology from 40.0 to 45.0: 1.265241016612673x energy', 'aladdin_comparator energy has been scaled 1.265241016612673x']
2026-08-15 01:14:41 INFO        | Best-matching entry: {'technology': '40nm', 'global_cycle_seconds': '1e-9', 'width|datawidth': '32', 'energy(pJ)': '0.02947', 'area(um^2)': '71', 'action': 'compare', 'name': 'aladdin_comparator', 'n_instances': 1}
2026-08-15 01:14:41 INFO        | Scaling global_cycle_seconds from 1e-9 to 1e-09
2026-08-15 01:14:41 INFO        | Scaling technology from 40nm to 45nm
2026-08-15 01:14:41 INFO        | Scaled aladdin_comparator.global_cycle_seconds from 1e-09 to 1e-09: 1x energy
2026-08-15 01:14:41 INFO        | Scaled aladdin_comparator.technology from 40.0 to 45.0: 1.265241016612673x energy
2026-08-15 01:14:41 INFO        | aladdin_comparator energy has been scaled 1.265241016612673x
2026-08-15 01:14:41 INFO        
2026-08-15 01:14:41 INFO        ENERGY ESTIMATION for intadder(n_bits=4, precision=4, global_cycle_seconds=1e-09, action_latency_cycles=1, cycle_seconds=1e-09, technology=45nm, n_instances=1).add(global_cycle_seconds=1e-09, action_latency_cycles=1, cycle_seconds=1e-09, technology=45nm, n_instances=1)
2026-08-15 01:14:41 INFO        Neurosim Plug-In estimated 0.016354909999999997p with accuracy 70%. Messages:
2026-08-15 01:14:41 INFO        | WARN: Non-numeric 45nm for parameter technology. Using 45 instead.
2026-08-15 01:14:41 INFO        Plug-ins provided accuracy, but failed to estimate:
2026-08-15 01:14:41 INFO        | Aladdin_table with accuracy 70% estimating value: KeyError: 'width'
2026-08-15 01:14:41 INFO        
2026-08-15 01:14:41 INFO        ENERGY ESTIMATION for aladdin_register(global_cycle_seconds=1e-09, action_latency_cycles=1, cycle_seconds=1e-09, technology=45nm, n_instances=1).leak(global_cycle_seconds=1e-09, action_latency_cycles=1, cycle_seconds=1e-09, technology=45nm, n_instances=1)
2026-08-15 01:14:41 INFO        Library estimated 0.0p with accuracy 90%. Messages:
2026-08-15 01:14:41 INFO        | Found 1 entries for aladdin_register.leak.
2026-08-15 01:14:41 INFO        | Checking entry "{'technology': '40nm', 'global_cycle_seconds': '1e-9', 'width|datawidth': '1', 'dynamic energy(pJ)': '0', 'area(um^2)': '5.98E+00', 'action': 'leak', 'name': 'aladdin_register', 'n_instances': 1}
2026-08-15 01:14:41 INFO        | value=0.0, matching_attrs=2, log=['Scaling global_cycle_seconds from 1e-9 to 1e-09', 'Scaling technology from 40nm to 45nm', 'Scaled aladdin_register.global_cycle_seconds from 1e-09 to 1e-09: 1.0x leak', 'Scaled aladdin_register.technology from 40.0 to 45.0: 1.265241016612673x leak', 'aladdin_register leak has been scaled 1.265241016612673x']
2026-08-15 01:14:41 INFO        | Best-matching entry: {'technology': '40nm', 'global_cycle_seconds': '1e-9', 'width|datawidth': '1', 'dynamic energy(pJ)': '0', 'area(um^2)': '5.98E+00', 'action': 'leak', 'name': 'aladdin_register', 'n_instances': 1}
2026-08-15 01:14:41 INFO        | Scaling global_cycle_seconds from 1e-9 to 1e-09
2026-08-15 01:14:41 INFO        | Scaling technology from 40nm to 45nm
2026-08-15 01:14:41 INFO        | Scaled aladdin_register.global_cycle_seconds from 1e-09 to 1e-09: 1.0x leak
2026-08-15 01:14:41 INFO        | Scaled aladdin_register.technology from 40.0 to 45.0: 1.265241016612673x leak
2026-08-15 01:14:41 INFO        | aladdin_register leak has been scaled 1.265241016612673x
2026-08-15 01:14:41 INFO        | Multiplying by n_instances 1
2026-08-15 01:14:41 INFO        
2026-08-15 01:14:41 INFO        ENERGY ESTIMATION for aladdin_comparator(n_bits=6, global_cycle_seconds=1e-09, action_latency_cycles=1, cycle_seconds=1e-09, technology=45nm, n_instances=1).leak(global_cycle_seconds=1e-09, action_latency_cycles=1, cycle_seconds=1e-09, technology=45nm, n_instances=1)
2026-08-15 01:14:41 INFO        Library estimated 3.175754951697809e-05p with accuracy 90%. Messages:
2026-08-15 01:14:41 INFO        | Found 1 entries for aladdin_comparator.leak.
2026-08-15 01:14:41 INFO        | Checking entry "{'technology': '40nm', 'global_cycle_seconds': '1e-9', 'width|datawidth': '32', 'energy(pJ)': '2.51E-05', 'area(um^2)': '71', 'action': 'leak', 'name': 'aladdin_comparator', 'n_instances': 1}
2026-08-15 01:14:41 INFO        | value=2.51e-05, matching_attrs=2, log=['Scaling global_cycle_seconds from 1e-9 to 1e-09', 'Scaling technology from 40nm to 45nm', 'Scaled aladdin_comparator.global_cycle_seconds from 1e-09 to 1e-09: 1.0x leak', 'Scaled aladdin_comparator.technology from 40.0 to 45.0: 1.265241016612673x leak', 'aladdin_comparator leak has been scaled 1.265241016612673x']
2026-08-15 01:14:41 INFO        | Best-matching entry: {'technology': '40nm', 'global_cycle_seconds': '1e-9', 'width|datawidth': '32', 'energy(pJ)': '2.51E-05', 'area(um^2)': '71', 'action': 'leak', 'name': 'aladdin_comparator', 'n_instances': 1}
2026-08-15 01:14:41 INFO        | Scaling global_cycle_seconds from 1e-9 to 1e-09
2026-08-15 01:14:41 INFO        | Scaling technology from 40nm to 45nm
2026-08-15 01:14:41 INFO        | Scaled aladdin_comparator.global_cycle_seconds from 1e-09 to 1e-09: 1.0x leak
2026-08-15 01:14:41 INFO        | Scaled aladdin_comparator.technology from 40.0 to 45.0: 1.265241016612673x leak
2026-08-15 01:14:41 INFO        | aladdin_comparator leak has been scaled 1.265241016612673x
2026-08-15 01:14:41 INFO        | Multiplying by n_instances 1
2026-08-15 01:14:41 INFO        
2026-08-15 01:14:41 INFO        ENERGY ESTIMATION for intadder(n_bits=4, precision=4, global_cycle_seconds=1e-09, action_latency_cycles=1, cycle_seconds=1e-09, technology=45nm, n_instances=1).leak(global_cycle_seconds=1e-09, action_latency_cycles=1, cycle_seconds=1e-09, technology=45nm, n_instances=1)
2026-08-15 01:14:41 INFO        Neurosim Plug-In estimated 1.4807179999999997e-06p with accuracy 70%. Messages:
2026-08-15 01:14:41 INFO        | WARN: Non-numeric 45nm for parameter technology. Using 45 instead.
2026-08-15 01:14:41 INFO        | Multiplying by n_instances 1
2026-08-15 01:14:41 INFO        Plug-ins provided accuracy, but failed to estimate:
2026-08-15 01:14:41 INFO        | Aladdin_table with accuracy 70% estimating value: KeyError: 'width'
2026-08-15 01:14:41 INFO        
2026-08-15 01:14:41 INFO        ENERGY ESTIMATION for aladdin_register(global_cycle_seconds=1e-09, action_latency_cycles=1, cycle_seconds=1e-09, technology=45nm, n_instances=1).write(global_cycle_seconds=1e-09, action_latency_cycles=1, cycle_seconds=1e-09, technology=45nm, n_instances=1)
2026-08-15 01:14:41 INFO        Library estimated 0.0p with accuracy 90%. Messages:
2026-08-15 01:14:41 INFO        | Found 1 entries for aladdin_register.write.
2026-08-15 01:14:41 INFO        | Checking entry "{'technology': '40nm', 'global_cycle_seconds': '1e-9', 'width|datawidth': '1', 'dynamic energy(pJ)': '0', 'area(um^2)': '5.98E+00', 'action': 'write', 'name': 'aladdin_register', 'n_instances': 1}
2026-08-15 01:14:41 INFO        | value=0.0, matching_attrs=2, log=['Scaling global_cycle_seconds from 1e-9 to 1e-09', 'Scaling technology from 40nm to 45nm', 'Scaled aladdin_register.global_cycle_seconds from 1e-09 to 1e-09: 1x energy', 'Scaled aladdin_register.technology from 40.0 to 45.0: 1.265241016612673x energy', 'aladdin_register energy has been scaled 1.265241016612673x']
2026-08-15 01:14:41 INFO        | Best-matching entry: {'technology': '40nm', 'global_cycle_seconds': '1e-9', 'width|datawidth': '1', 'dynamic energy(pJ)': '0', 'area(um^2)': '5.98E+00', 'action': 'write', 'name': 'aladdin_register', 'n_instances': 1}
2026-08-15 01:14:41 INFO        | Scaling global_cycle_seconds from 1e-9 to 1e-09
2026-08-15 01:14:41 INFO        | Scaling technology from 40nm to 45nm
2026-08-15 01:14:41 INFO        | Scaled aladdin_register.global_cycle_seconds from 1e-09 to 1e-09: 1x energy
2026-08-15 01:14:41 INFO        | Scaled aladdin_register.technology from 40.0 to 45.0: 1.265241016612673x energy
2026-08-15 01:14:41 INFO        | aladdin_register energy has been scaled 1.265241016612673x
2026-08-15 01:14:41 INFO        
2026-08-15 01:14:41 INFO        ENERGY ESTIMATION for aladdin_comparator(n_bits=6, global_cycle_seconds=1e-09, action_latency_cycles=1, cycle_seconds=1e-09, technology=45nm, n_instances=1).compare(global_cycle_seconds=1e-09, action_latency_cycles=1, cycle_seconds=1e-09, technology=45nm, n_instances=1)
2026-08-15 01:14:41 INFO        Library estimated 0.037286652759575475p with accuracy 90%. Messages:
2026-08-15 01:14:41 INFO        | Found 1 entries for aladdin_comparator.compare.
2026-08-15 01:14:41 INFO        | Checking entry "{'technology': '40nm', 'global_cycle_seconds': '1e-9', 'width|datawidth': '32', 'energy(pJ)': '0.02947', 'area(um^2)': '71', 'action': 'compare', 'name': 'aladdin_comparator', 'n_instances': 1}
2026-08-15 01:14:41 INFO        | value=0.02947, matching_attrs=2, log=['Scaling global_cycle_seconds from 1e-9 to 1e-09', 'Scaling technology from 40nm to 45nm', 'Scaled aladdin_comparator.global_cycle_seconds from 1e-09 to 1e-09: 1x energy', 'Scaled aladdin_comparator.technology from 40.0 to 45.0: 1.265241016612673x energy', 'aladdin_comparator energy has been scaled 1.265241016612673x']
2026-08-15 01:14:41 INFO        | Best-matching entry: {'technology': '40nm', 'global_cycle_seconds': '1e-9', 'width|datawidth': '32', 'energy(pJ)': '0.02947', 'area(um^2)': '71', 'action': 'compare', 'name': 'aladdin_comparator', 'n_instances': 1}
2026-08-15 01:14:41 INFO        | Scaling global_cycle_seconds from 1e-9 to 1e-09
2026-08-15 01:14:41 INFO        | Scaling technology from 40nm to 45nm
2026-08-15 01:14:41 INFO        | Scaled aladdin_comparator.global_cycle_seconds from 1e-09 to 1e-09: 1x energy
2026-08-15 01:14:41 INFO        | Scaled aladdin_comparator.technology from 40.0 to 45.0: 1.265241016612673x energy
2026-08-15 01:14:41 INFO        | aladdin_comparator energy has been scaled 1.265241016612673x
2026-08-15 01:14:41 INFO        
2026-08-15 01:14:41 INFO        ENERGY ESTIMATION for intadder(n_bits=4, precision=4, global_cycle_seconds=1e-09, action_latency_cycles=1, cycle_seconds=1e-09, technology=45nm, n_instances=1).add(global_cycle_seconds=1e-09, action_latency_cycles=1, cycle_seconds=1e-09, technology=45nm, n_instances=1)
2026-08-15 01:14:41 INFO        Neurosim Plug-In estimated 0.016354909999999997p with accuracy 70%. Messages:
2026-08-15 01:14:41 INFO        | WARN: Non-numeric 45nm for parameter technology. Using 45 instead.
2026-08-15 01:14:41 INFO        Plug-ins provided accuracy, but failed to estimate:
2026-08-15 01:14:41 INFO        | Aladdin_table with accuracy 70% estimating value: KeyError: 'width'
2026-08-15 01:14:41 INFO        
2026-08-15 01:14:41 INFO        ENERGY ESTIMATION for aladdin_adder(width=16, global_cycle_seconds=1e-09, action_latency_cycles=1, cycle_seconds=1e-09, technology=45nm, n_instances=1).read(global_cycle_seconds=1e-09, action_latency_cycles=1, cycle_seconds=1e-09, technology=45nm, n_instances=1)
2026-08-15 01:14:41 INFO        Library estimated 0.13285030674433068p with accuracy 90%. Messages:
2026-08-15 01:14:41 INFO        | Found 1 entries for aladdin_adder.read.
2026-08-15 01:14:41 INFO        | Checking entry "{'technology': '40nm', 'global_cycle_seconds': '1e-9', 'width|datawidth': '32', 'energy': '0.21', 'area': '2.78E+02', 'action': 'read', 'name': 'aladdin_adder', 'n_instances': 1}
2026-08-15 01:14:41 INFO        | value=0.21, matching_attrs=2, log=['Scaling width from 32 to 16', 'Scaling global_cycle_seconds from 1e-9 to 1e-09', 'Scaling technology from 40nm to 45nm', 'Scaled aladdin_adder.width from 32.0 to 16.0: 0.5x energy', 'Scaled aladdin_adder.global_cycle_seconds from 1e-09 to 1e-09: 1x energy', 'Scaled aladdin_adder.technology from 40.0 to 45.0: 1.265241016612673x energy', 'aladdin_adder energy has been scaled 0.6326205083063365x']
2026-08-15 01:14:41 INFO        | Best-matching entry: {'technology': '40nm', 'global_cycle_seconds': '1e-9', 'width|datawidth': '32', 'energy': '0.21', 'area': '2.78E+02', 'action': 'read', 'name': 'aladdin_adder', 'n_instances': 1}
2026-08-15 01:14:41 INFO        | Scaling width from 32 to 16
2026-08-15 01:14:41 INFO        | Scaling global_cycle_seconds from 1e-9 to 1e-09
2026-08-15 01:14:41 INFO        | Scaling technology from 40nm to 45nm
2026-08-15 01:14:41 INFO        | Scaled aladdin_adder.width from 32.0 to 16.0: 0.5x energy
2026-08-15 01:14:41 INFO        | Scaled aladdin_adder.global_cycle_seconds from 1e-09 to 1e-09: 1x energy
2026-08-15 01:14:41 INFO        | Scaled aladdin_adder.technology from 40.0 to 45.0: 1.265241016612673x energy
2026-08-15 01:14:41 INFO        | aladdin_adder energy has been scaled 0.6326205083063365x
2026-08-15 01:14:41 INFO        
2026-08-15 01:14:41 INFO        ENERGY ESTIMATION for aladdin_adder(width_a=8, width_b=8, global_cycle_seconds=1e-09, action_latency_cycles=1, cycle_seconds=1e-09, technology=45nm, n_instances=1).read(global_cycle_seconds=1e-09, action_latency_cycles=1, cycle_seconds=1e-09, technology=45nm, n_instances=1)
2026-08-15 01:14:41 INFO        Library estimated 0.26570061348866136p with accuracy 90%. Messages:
2026-08-15 01:14:41 INFO        | Found 1 entries for aladdin_adder.read.
2026-08-15 01:14:41 INFO        | Checking entry "{'technology': '40nm', 'global_cycle_seconds': '1e-9', 'width|datawidth': '32', 'energy': '0.21', 'area': '2.78E+02', 'action': 'read', 'name': 'aladdin_adder', 'n_instances': 1}
2026-08-15 01:14:41 INFO        | value=0.21, matching_attrs=2, log=['Scaling global_cycle_seconds from 1e-9 to 1e-09', 'Scaling technology from 40nm to 45nm', 'Scaled aladdin_adder.global_cycle_seconds from 1e-09 to 1e-09: 1x energy', 'Scaled aladdin_adder.technology from 40.0 to 45.0: 1.265241016612673x energy', 'aladdin_adder energy has been scaled 1.265241016612673x']
2026-08-15 01:14:41 INFO        | Best-matching entry: {'technology': '40nm', 'global_cycle_seconds': '1e-9', 'width|datawidth': '32', 'energy': '0.21', 'area': '2.78E+02', 'action': 'read', 'name': 'aladdin_adder', 'n_instances': 1}
2026-08-15 01:14:41 INFO        | Scaling global_cycle_seconds from 1e-9 to 1e-09
2026-08-15 01:14:41 INFO        | Scaling technology from 40nm to 45nm
2026-08-15 01:14:41 INFO        | Scaled aladdin_adder.global_cycle_seconds from 1e-09 to 1e-09: 1x energy
2026-08-15 01:14:41 INFO        | Scaled aladdin_adder.technology from 40.0 to 45.0: 1.265241016612673x energy
2026-08-15 01:14:41 INFO        | aladdin_adder energy has been scaled 1.265241016612673x
2026-08-15 01:14:41 INFO        
2026-08-15 01:14:41 INFO        ENERGY ESTIMATION for aladdin_adder(width=16, global_cycle_seconds=1e-09, action_latency_cycles=1, cycle_seconds=1e-09, technology=45nm, n_instances=1).leak(global_cycle_seconds=1e-09, action_latency_cycles=1, cycle_seconds=1e-09, technology=45nm, n_instances=1)
2026-08-15 01:14:41 INFO        Library estimated 0.0015182892199352076p with accuracy 90%. Messages:
2026-08-15 01:14:41 INFO        | Found 1 entries for aladdin_adder.leak.
2026-08-15 01:14:41 INFO        | Checking entry "{'technology': '40nm', 'global_cycle_seconds': '1e-9', 'width|datawidth': '32', 'energy': '0.0024', 'area': '2.78E+02', 'action': 'leak', 'name': 'aladdin_adder', 'n_instances': 1}
2026-08-15 01:14:41 INFO        | value=0.0024, matching_attrs=2, log=['Scaling width from 32 to 16', 'Scaling global_cycle_seconds from 1e-9 to 1e-09', 'Scaling technology from 40nm to 45nm', 'Scaled aladdin_adder.width from 32.0 to 16.0: 0.5x leak', 'Scaled aladdin_adder.global_cycle_seconds from 1e-09 to 1e-09: 1.0x leak', 'Scaled aladdin_adder.technology from 40.0 to 45.0: 1.265241016612673x leak', 'aladdin_adder leak has been scaled 0.6326205083063365x']
2026-08-15 01:14:41 INFO        | Best-matching entry: {'technology': '40nm', 'global_cycle_seconds': '1e-9', 'width|datawidth': '32', 'energy': '0.0024', 'area': '2.78E+02', 'action': 'leak', 'name': 'aladdin_adder', 'n_instances': 1}
2026-08-15 01:14:41 INFO        | Scaling width from 32 to 16
2026-08-15 01:14:41 INFO        | Scaling global_cycle_seconds from 1e-9 to 1e-09
2026-08-15 01:14:41 INFO        | Scaling technology from 40nm to 45nm
2026-08-15 01:14:41 INFO        | Scaled aladdin_adder.width from 32.0 to 16.0: 0.5x leak
2026-08-15 01:14:41 INFO        | Scaled aladdin_adder.global_cycle_seconds from 1e-09 to 1e-09: 1.0x leak
2026-08-15 01:14:41 INFO        | Scaled aladdin_adder.technology from 40.0 to 45.0: 1.265241016612673x leak
2026-08-15 01:14:41 INFO        | aladdin_adder leak has been scaled 0.6326205083063365x
2026-08-15 01:14:41 INFO        | Multiplying by n_instances 1
2026-08-15 01:14:41 INFO        
2026-08-15 01:14:41 INFO        ENERGY ESTIMATION for aladdin_adder(width_a=8, width_b=8, global_cycle_seconds=1e-09, action_latency_cycles=1, cycle_seconds=1e-09, technology=45nm, n_instances=1).leak(global_cycle_seconds=1e-09, action_latency_cycles=1, cycle_seconds=1e-09, technology=45nm, n_instances=1)
2026-08-15 01:14:41 INFO        Library estimated 0.003036578439870415p with accuracy 90%. Messages:
2026-08-15 01:14:41 INFO        | Found 1 entries for aladdin_adder.leak.
2026-08-15 01:14:41 INFO        | Checking entry "{'technology': '40nm', 'global_cycle_seconds': '1e-9', 'width|datawidth': '32', 'energy': '0.0024', 'area': '2.78E+02', 'action': 'leak', 'name': 'aladdin_adder', 'n_instances': 1}
2026-08-15 01:14:41 INFO        | value=0.0024, matching_attrs=2, log=['Scaling global_cycle_seconds from 1e-9 to 1e-09', 'Scaling technology from 40nm to 45nm', 'Scaled aladdin_adder.global_cycle_seconds from 1e-09 to 1e-09: 1.0x leak', 'Scaled aladdin_adder.technology from 40.0 to 45.0: 1.265241016612673x leak', 'aladdin_adder leak has been scaled 1.265241016612673x']
2026-08-15 01:14:41 INFO        | Best-matching entry: {'technology': '40nm', 'global_cycle_seconds': '1e-9', 'width|datawidth': '32', 'energy': '0.0024', 'area': '2.78E+02', 'action': 'leak', 'name': 'aladdin_adder', 'n_instances': 1}
2026-08-15 01:14:41 INFO        | Scaling global_cycle_seconds from 1e-9 to 1e-09
2026-08-15 01:14:41 INFO        | Scaling technology from 40nm to 45nm
2026-08-15 01:14:41 INFO        | Scaled aladdin_adder.global_cycle_seconds from 1e-09 to 1e-09: 1.0x leak
2026-08-15 01:14:41 INFO        | Scaled aladdin_adder.technology from 40.0 to 45.0: 1.265241016612673x leak
2026-08-15 01:14:41 INFO        | aladdin_adder leak has been scaled 1.265241016612673x
2026-08-15 01:14:41 INFO        | Multiplying by n_instances 1
2026-08-15 01:14:41 WARNING     No action counts are specified as yaml input
2026-08-15 01:14:41 INFO        
2026-08-15 01:14:41 INFO        AREA ESTIMATION for dummy_storage(width=1, depth=1, datawidth=1, technology=-1, has_power_gating=False, n_banks=2, cluster_size=1, reduction_supported=True, multiple_buffering=1, min_utilization=0, allow_overbooking=False, meshX=1, meshY=1, version=0.4, PSUM_DATAWIDTH=16, INPUT_WEIGHT_DATAWIDTH=8, global_cycle_seconds=1e-09, action_latency_cycles=1, cycle_seconds=1e-09, n_instances=1)
2026-08-15 01:14:41 INFO        dummy estimated 1u^2 with accuracy 100%. Messages:
2026-08-15 01:14:41 INFO        | Multiplying by n_instances 1
2026-08-15 01:14:41 INFO        
2026-08-15 01:14:41 INFO        AREA ESTIMATION for dummy_storage(width=1, depth=1, datawidth=1, technology=-1, has_power_gating=False, n_banks=2, cluster_size=1, reduction_supported=True, multiple_buffering=1, min_utilization=0, allow_overbooking=False, meshX=14, meshY=1, version=0.4, PSUM_DATAWIDTH=16, INPUT_WEIGHT_DATAWIDTH=8, global_cycle_seconds=1e-09, action_latency_cycles=1, cycle_seconds=1e-09, n_instances=1)
2026-08-15 01:14:41 INFO        dummy estimated 1u^2 with accuracy 100%. Messages:
2026-08-15 01:14:41 INFO        | Multiplying by n_instances 1
2026-08-15 01:14:41 INFO        
2026-08-15 01:14:41 INFO        AREA ESTIMATION for SRAM(width=64, depth=262144, n_rdwr_ports=1, global_cycle_seconds=1e-09, action_latency_cycles=1, cycle_seconds=1e-09, technology=45nm, n_instances=1)
2026-08-15 01:14:43 INFO        CactiSRAM estimated 6.465959999999999e-06 with accuracy 80%. Messages:
2026-08-15 01:14:43 INFO        | Unused arguments (n_rdwr_ports, global_cycle_seconds, action_latency_cycles, cycle_seconds, n_instances) provided for ['SRAM', 'sram'].__init__. Arguments used: (width, depth, technology)
2026-08-15 01:14:43 INFO        | Calling CACTI with cache_size=2097152 n_rw_ports=1 block_size=8 tech_node_um=0.045 n_banks=1 tag_size=0 associativity=1
2026-08-15 01:14:43 INFO        | Calling CACTI with input path /usr/local/share/accelergy/estimation_plug_ins/accelergy-cacti-plug-in/cacti_inputs_outputs/tmpxhejsq99
2026-08-15 01:14:43 INFO        | CACTI output will be written to /usr/local/share/accelergy/estimation_plug_ins/accelergy-cacti-plug-in/cacti_inputs_outputs/tmpmbjkm9zr
2026-08-15 01:14:43 INFO        | CACTI executable not found at /usr/local/share/accelergy/estimation_plug_ins/accelergy-cacti-plug-in/cacti/cacti
2026-08-15 01:14:43 INFO        | Calling: cd /usr/local/share/accelergy/estimation_plug_ins/accelergy-cacti-plug-in ; ./cacti -infile /usr/local/share/accelergy/estimation_plug_ins/accelergy-cacti-plug-in/cacti_inputs_outputs/tmpxhejsq99 >> /usr/local/share/accelergy/estimation_plug_ins/accelergy-cacti-plug-in/cacti_inputs_outputs/tmpmbjkm9zr 2>&1
2026-08-15 01:14:43 INFO        | Cache bandwidth: 8.0 bytes/cycle
2026-08-15 01:14:43 INFO        | Cache bandwidth: 19954105557.218395 bits/second
2026-08-15 01:14:43 INFO        | Multiplying by n_instances 1
2026-08-15 01:14:43 INFO        
2026-08-15 01:14:43 INFO        AREA ESTIMATION for intadder(n_bits=18, precision=18, global_cycle_seconds=1e-09, action_latency_cycles=1, cycle_seconds=1e-09, technology=45nm, n_instances=1)
2026-08-15 01:14:43 INFO        Neurosim Plug-In estimated 104.71359999999999u^2 with accuracy 70%. Messages:
2026-08-15 01:14:43 INFO        | WARN: Non-numeric 45nm for parameter technology. Using 45 instead.
2026-08-15 01:14:43 INFO        | Multiplying by n_instances 1
2026-08-15 01:14:43 INFO        Plug-ins provided accuracy, but failed to estimate:
2026-08-15 01:14:43 INFO        | Aladdin_table with accuracy 70% estimating value: KeyError: 'width'
2026-08-15 01:14:43 INFO        
2026-08-15 01:14:43 INFO        AREA ESTIMATION for SRAM(width=64, depth=16384, n_rdwr_ports=1, global_cycle_seconds=1e-09, action_latency_cycles=1, cycle_seconds=1e-09, technology=45nm, n_instances=1)
2026-08-15 01:14:44 INFO        CactiSRAM estimated 4.29589e-07 with accuracy 80%. Messages:
2026-08-15 01:14:44 INFO        | Unused arguments (n_rdwr_ports, global_cycle_seconds, action_latency_cycles, cycle_seconds, n_instances) provided for ['SRAM', 'sram'].__init__. Arguments used: (width, depth, technology)
2026-08-15 01:14:44 INFO        | Calling CACTI with cache_size=131072 n_rw_ports=1 block_size=8 tech_node_um=0.045 n_banks=1 tag_size=0 associativity=1
2026-08-15 01:14:44 INFO        | Calling CACTI with input path /usr/local/share/accelergy/estimation_plug_ins/accelergy-cacti-plug-in/cacti_inputs_outputs/tmpb57nu_2g
2026-08-15 01:14:44 INFO        | CACTI output will be written to /usr/local/share/accelergy/estimation_plug_ins/accelergy-cacti-plug-in/cacti_inputs_outputs/tmpc0fdflpu
2026-08-15 01:14:44 INFO        | CACTI executable not found at /usr/local/share/accelergy/estimation_plug_ins/accelergy-cacti-plug-in/cacti/cacti
2026-08-15 01:14:44 INFO        | Calling: cd /usr/local/share/accelergy/estimation_plug_ins/accelergy-cacti-plug-in ; ./cacti -infile /usr/local/share/accelergy/estimation_plug_ins/accelergy-cacti-plug-in/cacti_inputs_outputs/tmpb57nu_2g >> /usr/local/share/accelergy/estimation_plug_ins/accelergy-cacti-plug-in/cacti_inputs_outputs/tmpc0fdflpu 2>&1
2026-08-15 01:14:44 INFO        | Cache bandwidth: 8.0 bytes/cycle
2026-08-15 01:14:44 INFO        | Cache bandwidth: 38765559223.477394 bits/second
2026-08-15 01:14:44 INFO        | Multiplying by n_instances 1
2026-08-15 01:14:44 INFO        
2026-08-15 01:14:44 INFO        AREA ESTIMATION for intadder(n_bits=14, precision=14, global_cycle_seconds=1e-09, action_latency_cycles=1, cycle_seconds=1e-09, technology=45nm, n_instances=1)
2026-08-15 01:14:44 INFO        Neurosim Plug-In estimated 81.44387999999998u^2 with accuracy 70%. Messages:
2026-08-15 01:14:44 INFO        | WARN: Non-numeric 45nm for parameter technology. Using 45 instead.
2026-08-15 01:14:44 INFO        | Multiplying by n_instances 1
2026-08-15 01:14:44 INFO        Plug-ins provided accuracy, but failed to estimate:
2026-08-15 01:14:44 INFO        | Aladdin_table with accuracy 70% estimating value: KeyError: 'width'
2026-08-15 01:14:44 INFO        
2026-08-15 01:14:44 INFO        AREA ESTIMATION for aladdin_register(global_cycle_seconds=1e-09, action_latency_cycles=1, cycle_seconds=1e-09, technology=45nm, n_instances=1)
2026-08-15 01:14:44 INFO        Library estimated 10.396u^2 with accuracy 90%. Messages:
2026-08-15 01:14:44 INFO        | Found 4 entries for aladdin_register.
2026-08-15 01:14:44 INFO        | Checking entry "{'technology': '40nm', 'global_cycle_seconds': '1e-9', 'width|datawidth': '1', 'dynamic energy(pJ)': '0.009', 'area(um^2)': '5.98E+00', 'action': 'read', 'name': 'aladdin_register', 'n_instances': 1}
2026-08-15 01:14:44 INFO        | value=5.98, matching_attrs=2, log=['Scaling global_cycle_seconds from 1e-9 to 1e-09', 'Scaling technology from 40nm to 45nm', 'Scaled aladdin_register.global_cycle_seconds from 1e-09 to 1e-09: 1x area', 'Scaled aladdin_register.technology from 40.0 to 45.0: 1.7384615384615385x area', 'aladdin_register area has been scaled 1.7384615384615385x']
2026-08-15 01:14:44 INFO        | Checking entry "{'technology': '40nm', 'global_cycle_seconds': '1e-9', 'width|datawidth': '1', 'dynamic energy(pJ)': '0', 'area(um^2)': '5.98E+00', 'action': 'write', 'name': 'aladdin_register', 'n_instances': 1}
2026-08-15 01:14:44 INFO        | value=5.98, matching_attrs=2, log=['Scaling global_cycle_seconds from 1e-9 to 1e-09', 'Scaling technology from 40nm to 45nm', 'Scaled aladdin_register.global_cycle_seconds from 1e-09 to 1e-09: 1x area', 'Scaled aladdin_register.technology from 40.0 to 45.0: 1.7384615384615385x area', 'aladdin_register area has been scaled 1.7384615384615385x']
2026-08-15 01:14:44 INFO        | Checking entry "{'technology': '40nm', 'global_cycle_seconds': '1e-9', 'width|datawidth': '1', 'dynamic energy(pJ)': '0', 'area(um^2)': '5.98E+00', 'action': 'leak', 'name': 'aladdin_register', 'n_instances': 1}
2026-08-15 01:14:44 INFO        | value=5.98, matching_attrs=2, log=['Scaling global_cycle_seconds from 1e-9 to 1e-09', 'Scaling technology from 40nm to 45nm', 'Scaled aladdin_register.global_cycle_seconds from 1e-09 to 1e-09: 1x area', 'Scaled aladdin_register.technology from 40.0 to 45.0: 1.7384615384615385x area', 'aladdin_register area has been scaled 1.7384615384615385x']
2026-08-15 01:14:44 INFO        | Checking entry "{'technology': '40nm', 'global_cycle_seconds': '1e-9', 'width|datawidth': '1', 'dynamic energy(pJ)': '0', 'area(um^2)': '5.98E+00', 'action': 'update', 'name': 'aladdin_register', 'n_instances': 1}
2026-08-15 01:14:44 INFO        | value=5.98, matching_attrs=2, log=['Scaling global_cycle_seconds from 1e-9 to 1e-09', 'Scaling technology from 40nm to 45nm', 'Scaled aladdin_register.global_cycle_seconds from 1e-09 to 1e-09: 1x area', 'Scaled aladdin_register.technology from 40.0 to 45.0: 1.7384615384615385x area', 'aladdin_register area has been scaled 1.7384615384615385x']
2026-08-15 01:14:44 INFO        | Best-matching entry: {'technology': '40nm', 'global_cycle_seconds': '1e-9', 'width|datawidth': '1', 'dynamic energy(pJ)': '0.009', 'area(um^2)': '5.98E+00', 'action': 'read', 'name': 'aladdin_register', 'n_instances': 1}
2026-08-15 01:14:44 INFO        | Scaling global_cycle_seconds from 1e-9 to 1e-09
2026-08-15 01:14:44 INFO        | Scaling technology from 40nm to 45nm
2026-08-15 01:14:44 INFO        | Scaled aladdin_register.global_cycle_seconds from 1e-09 to 1e-09: 1x area
2026-08-15 01:14:44 INFO        | Scaled aladdin_register.technology from 40.0 to 45.0: 1.7384615384615385x area
2026-08-15 01:14:44 INFO        | aladdin_register area has been scaled 1.7384615384615385x
2026-08-15 01:14:44 INFO        | Multiplying by n_instances 1
2026-08-15 01:14:44 INFO        
2026-08-15 01:14:44 INFO        AREA ESTIMATION for aladdin_comparator(n_bits=6, global_cycle_seconds=1e-09, action_latency_cycles=1, cycle_seconds=1e-09, technology=45nm, n_instances=1)
2026-08-15 01:14:44 INFO        Library estimated 123.43076923076923u^2 with accuracy 90%. Messages:
2026-08-15 01:14:44 INFO        | Found 5 entries for aladdin_comparator.
2026-08-15 01:14:44 INFO        | Checking entry "{'technology': '40nm', 'global_cycle_seconds': '1e-9', 'width|datawidth': '32', 'energy(pJ)': '0.02947', 'area(um^2)': '71', 'action': 'compare', 'name': 'aladdin_comparator', 'n_instances': 1}
2026-08-15 01:14:44 INFO        | value=71.0, matching_attrs=2, log=['Scaling global_cycle_seconds from 1e-9 to 1e-09', 'Scaling technology from 40nm to 45nm', 'Scaled aladdin_comparator.global_cycle_seconds from 1e-09 to 1e-09: 1x area', 'Scaled aladdin_comparator.technology from 40.0 to 45.0: 1.7384615384615385x area', 'aladdin_comparator area has been scaled 1.7384615384615385x']
2026-08-15 01:14:44 INFO        | Checking entry "{'technology': '40nm', 'global_cycle_seconds': '1e-9', 'width|datawidth': '32', 'energy(pJ)': '0.02947', 'area(um^2)': '71', 'action': 'read', 'name': 'aladdin_comparator', 'n_instances': 1}
2026-08-15 01:14:44 INFO        | value=71.0, matching_attrs=2, log=['Scaling global_cycle_seconds from 1e-9 to 1e-09', 'Scaling technology from 40nm to 45nm', 'Scaled aladdin_comparator.global_cycle_seconds from 1e-09 to 1e-09: 1x area', 'Scaled aladdin_comparator.technology from 40.0 to 45.0: 1.7384615384615385x area', 'aladdin_comparator area has been scaled 1.7384615384615385x']
2026-08-15 01:14:44 INFO        | Checking entry "{'technology': '40nm', 'global_cycle_seconds': '1e-9', 'width|datawidth': '32', 'energy(pJ)': '2.51E-05', 'area(um^2)': '71', 'action': 'leak', 'name': 'aladdin_comparator', 'n_instances': 1}
2026-08-15 01:14:44 INFO        | value=71.0, matching_attrs=2, log=['Scaling global_cycle_seconds from 1e-9 to 1e-09', 'Scaling technology from 40nm to 45nm', 'Scaled aladdin_comparator.global_cycle_seconds from 1e-09 to 1e-09: 1x area', 'Scaled aladdin_comparator.technology from 40.0 to 45.0: 1.7384615384615385x area', 'aladdin_comparator area has been scaled 1.7384615384615385x']
2026-08-15 01:14:44 INFO        | Checking entry "{'technology': '40nm', 'global_cycle_seconds': '1e-9', 'width|datawidth': '32', 'energy(pJ)': '0', 'area(um^2)': '71', 'action': 'update', 'name': 'aladdin_comparator', 'n_instances': 1}
2026-08-15 01:14:44 INFO        | value=71.0, matching_attrs=2, log=['Scaling global_cycle_seconds from 1e-9 to 1e-09', 'Scaling technology from 40nm to 45nm', 'Scaled aladdin_comparator.global_cycle_seconds from 1e-09 to 1e-09: 1x area', 'Scaled aladdin_comparator.technology from 40.0 to 45.0: 1.7384615384615385x area', 'aladdin_comparator area has been scaled 1.7384615384615385x']
2026-08-15 01:14:44 INFO        | Checking entry "{'technology': '40nm', 'global_cycle_seconds': '1e-9', 'width|datawidth': '32', 'energy(pJ)': '0', 'area(um^2)': '71', 'action': 'write', 'name': 'aladdin_comparator', 'n_instances': 1}
2026-08-15 01:14:44 INFO        | value=71.0, matching_attrs=2, log=['Scaling global_cycle_seconds from 1e-9 to 1e-09', 'Scaling technology from 40nm to 45nm', 'Scaled aladdin_comparator.global_cycle_seconds from 1e-09 to 1e-09: 1x area', 'Scaled aladdin_comparator.technology from 40.0 to 45.0: 1.7384615384615385x area', 'aladdin_comparator area has been scaled 1.7384615384615385x']
2026-08-15 01:14:44 INFO        | Best-matching entry: {'technology': '40nm', 'global_cycle_seconds': '1e-9', 'width|datawidth': '32', 'energy(pJ)': '0.02947', 'area(um^2)': '71', 'action': 'compare', 'name': 'aladdin_comparator', 'n_instances': 1}
2026-08-15 01:14:44 INFO        | Scaling global_cycle_seconds from 1e-9 to 1e-09
2026-08-15 01:14:44 INFO        | Scaling technology from 40nm to 45nm
2026-08-15 01:14:44 INFO        | Scaled aladdin_comparator.global_cycle_seconds from 1e-09 to 1e-09: 1x area
2026-08-15 01:14:44 INFO        | Scaled aladdin_comparator.technology from 40.0 to 45.0: 1.7384615384615385x area
2026-08-15 01:14:44 INFO        | aladdin_comparator area has been scaled 1.7384615384615385x
2026-08-15 01:14:44 INFO        | Multiplying by n_instances 1
2026-08-15 01:14:44 INFO        
2026-08-15 01:14:44 INFO        AREA ESTIMATION for intadder(n_bits=4, precision=4, global_cycle_seconds=1e-09, action_latency_cycles=1, cycle_seconds=1e-09, technology=45nm, n_instances=1)
2026-08-15 01:14:44 INFO        Neurosim Plug-In estimated 23.26968u^2 with accuracy 70%. Messages:
2026-08-15 01:14:44 INFO        | WARN: Non-numeric 45nm for parameter technology. Using 45 instead.
2026-08-15 01:14:44 INFO        | Multiplying by n_instances 1
2026-08-15 01:14:44 INFO        Plug-ins provided accuracy, but failed to estimate:
2026-08-15 01:14:44 INFO        | Aladdin_table with accuracy 70% estimating value: KeyError: 'width'
2026-08-15 01:14:44 INFO        
2026-08-15 01:14:44 INFO        AREA ESTIMATION for aladdin_register(global_cycle_seconds=1e-09, action_latency_cycles=1, cycle_seconds=1e-09, technology=45nm, n_instances=1)
2026-08-15 01:14:44 INFO        Library estimated 10.396u^2 with accuracy 90%. Messages:
2026-08-15 01:14:44 INFO        | Found 4 entries for aladdin_register.
2026-08-15 01:14:44 INFO        | Checking entry "{'technology': '40nm', 'global_cycle_seconds': '1e-9', 'width|datawidth': '1', 'dynamic energy(pJ)': '0.009', 'area(um^2)': '5.98E+00', 'action': 'read', 'name': 'aladdin_register', 'n_instances': 1}
2026-08-15 01:14:44 INFO        | value=5.98, matching_attrs=2, log=['Scaling global_cycle_seconds from 1e-9 to 1e-09', 'Scaling technology from 40nm to 45nm', 'Scaled aladdin_register.global_cycle_seconds from 1e-09 to 1e-09: 1x area', 'Scaled aladdin_register.technology from 40.0 to 45.0: 1.7384615384615385x area', 'aladdin_register area has been scaled 1.7384615384615385x']
2026-08-15 01:14:44 INFO        | Checking entry "{'technology': '40nm', 'global_cycle_seconds': '1e-9', 'width|datawidth': '1', 'dynamic energy(pJ)': '0', 'area(um^2)': '5.98E+00', 'action': 'write', 'name': 'aladdin_register', 'n_instances': 1}
2026-08-15 01:14:44 INFO        | value=5.98, matching_attrs=2, log=['Scaling global_cycle_seconds from 1e-9 to 1e-09', 'Scaling technology from 40nm to 45nm', 'Scaled aladdin_register.global_cycle_seconds from 1e-09 to 1e-09: 1x area', 'Scaled aladdin_register.technology from 40.0 to 45.0: 1.7384615384615385x area', 'aladdin_register area has been scaled 1.7384615384615385x']
2026-08-15 01:14:44 INFO        | Checking entry "{'technology': '40nm', 'global_cycle_seconds': '1e-9', 'width|datawidth': '1', 'dynamic energy(pJ)': '0', 'area(um^2)': '5.98E+00', 'action': 'leak', 'name': 'aladdin_register', 'n_instances': 1}
2026-08-15 01:14:44 INFO        | value=5.98, matching_attrs=2, log=['Scaling global_cycle_seconds from 1e-9 to 1e-09', 'Scaling technology from 40nm to 45nm', 'Scaled aladdin_register.global_cycle_seconds from 1e-09 to 1e-09: 1x area', 'Scaled aladdin_register.technology from 40.0 to 45.0: 1.7384615384615385x area', 'aladdin_register area has been scaled 1.7384615384615385x']
2026-08-15 01:14:44 INFO        | Checking entry "{'technology': '40nm', 'global_cycle_seconds': '1e-9', 'width|datawidth': '1', 'dynamic energy(pJ)': '0', 'area(um^2)': '5.98E+00', 'action': 'update', 'name': 'aladdin_register', 'n_instances': 1}
2026-08-15 01:14:44 INFO        | value=5.98, matching_attrs=2, log=['Scaling global_cycle_seconds from 1e-9 to 1e-09', 'Scaling technology from 40nm to 45nm', 'Scaled aladdin_register.global_cycle_seconds from 1e-09 to 1e-09: 1x area', 'Scaled aladdin_register.technology from 40.0 to 45.0: 1.7384615384615385x area', 'aladdin_register area has been scaled 1.7384615384615385x']
2026-08-15 01:14:44 INFO        | Best-matching entry: {'technology': '40nm', 'global_cycle_seconds': '1e-9', 'width|datawidth': '1', 'dynamic energy(pJ)': '0.009', 'area(um^2)': '5.98E+00', 'action': 'read', 'name': 'aladdin_register', 'n_instances': 1}
2026-08-15 01:14:44 INFO        | Scaling global_cycle_seconds from 1e-9 to 1e-09
2026-08-15 01:14:44 INFO        | Scaling technology from 40nm to 45nm
2026-08-15 01:14:44 INFO        | Scaled aladdin_register.global_cycle_seconds from 1e-09 to 1e-09: 1x area
2026-08-15 01:14:44 INFO        | Scaled aladdin_register.technology from 40.0 to 45.0: 1.7384615384615385x area
2026-08-15 01:14:44 INFO        | aladdin_register area has been scaled 1.7384615384615385x
2026-08-15 01:14:44 INFO        | Multiplying by n_instances 1
2026-08-15 01:14:44 INFO        
2026-08-15 01:14:44 INFO        AREA ESTIMATION for aladdin_comparator(n_bits=8, global_cycle_seconds=1e-09, action_latency_cycles=1, cycle_seconds=1e-09, technology=45nm, n_instances=1)
2026-08-15 01:14:44 INFO        Library estimated 123.43076923076923u^2 with accuracy 90%. Messages:
2026-08-15 01:14:44 INFO        | Found 5 entries for aladdin_comparator.
2026-08-15 01:14:44 INFO        | Checking entry "{'technology': '40nm', 'global_cycle_seconds': '1e-9', 'width|datawidth': '32', 'energy(pJ)': '0.02947', 'area(um^2)': '71', 'action': 'compare', 'name': 'aladdin_comparator', 'n_instances': 1}
2026-08-15 01:14:44 INFO        | value=71.0, matching_attrs=2, log=['Scaling global_cycle_seconds from 1e-9 to 1e-09', 'Scaling technology from 40nm to 45nm', 'Scaled aladdin_comparator.global_cycle_seconds from 1e-09 to 1e-09: 1x area', 'Scaled aladdin_comparator.technology from 40.0 to 45.0: 1.7384615384615385x area', 'aladdin_comparator area has been scaled 1.7384615384615385x']
2026-08-15 01:14:44 INFO        | Checking entry "{'technology': '40nm', 'global_cycle_seconds': '1e-9', 'width|datawidth': '32', 'energy(pJ)': '0.02947', 'area(um^2)': '71', 'action': 'read', 'name': 'aladdin_comparator', 'n_instances': 1}
2026-08-15 01:14:44 INFO        | value=71.0, matching_attrs=2, log=['Scaling global_cycle_seconds from 1e-9 to 1e-09', 'Scaling technology from 40nm to 45nm', 'Scaled aladdin_comparator.global_cycle_seconds from 1e-09 to 1e-09: 1x area', 'Scaled aladdin_comparator.technology from 40.0 to 45.0: 1.7384615384615385x area', 'aladdin_comparator area has been scaled 1.7384615384615385x']
2026-08-15 01:14:44 INFO        | Checking entry "{'technology': '40nm', 'global_cycle_seconds': '1e-9', 'width|datawidth': '32', 'energy(pJ)': '2.51E-05', 'area(um^2)': '71', 'action': 'leak', 'name': 'aladdin_comparator', 'n_instances': 1}
2026-08-15 01:14:44 INFO        | value=71.0, matching_attrs=2, log=['Scaling global_cycle_seconds from 1e-9 to 1e-09', 'Scaling technology from 40nm to 45nm', 'Scaled aladdin_comparator.global_cycle_seconds from 1e-09 to 1e-09: 1x area', 'Scaled aladdin_comparator.technology from 40.0 to 45.0: 1.7384615384615385x area', 'aladdin_comparator area has been scaled 1.7384615384615385x']
2026-08-15 01:14:44 INFO        | Checking entry "{'technology': '40nm', 'global_cycle_seconds': '1e-9', 'width|datawidth': '32', 'energy(pJ)': '0', 'area(um^2)': '71', 'action': 'update', 'name': 'aladdin_comparator', 'n_instances': 1}
2026-08-15 01:14:44 INFO        | value=71.0, matching_attrs=2, log=['Scaling global_cycle_seconds from 1e-9 to 1e-09', 'Scaling technology from 40nm to 45nm', 'Scaled aladdin_comparator.global_cycle_seconds from 1e-09 to 1e-09: 1x area', 'Scaled aladdin_comparator.technology from 40.0 to 45.0: 1.7384615384615385x area', 'aladdin_comparator area has been scaled 1.7384615384615385x']
2026-08-15 01:14:44 INFO        | Checking entry "{'technology': '40nm', 'global_cycle_seconds': '1e-9', 'width|datawidth': '32', 'energy(pJ)': '0', 'area(um^2)': '71', 'action': 'write', 'name': 'aladdin_comparator', 'n_instances': 1}
2026-08-15 01:14:44 INFO        | value=71.0, matching_attrs=2, log=['Scaling global_cycle_seconds from 1e-9 to 1e-09', 'Scaling technology from 40nm to 45nm', 'Scaled aladdin_comparator.global_cycle_seconds from 1e-09 to 1e-09: 1x area', 'Scaled aladdin_comparator.technology from 40.0 to 45.0: 1.7384615384615385x area', 'aladdin_comparator area has been scaled 1.7384615384615385x']
2026-08-15 01:14:44 INFO        | Best-matching entry: {'technology': '40nm', 'global_cycle_seconds': '1e-9', 'width|datawidth': '32', 'energy(pJ)': '0.02947', 'area(um^2)': '71', 'action': 'compare', 'name': 'aladdin_comparator', 'n_instances': 1}
2026-08-15 01:14:44 INFO        | Scaling global_cycle_seconds from 1e-9 to 1e-09
2026-08-15 01:14:44 INFO        | Scaling technology from 40nm to 45nm
2026-08-15 01:14:44 INFO        | Scaled aladdin_comparator.global_cycle_seconds from 1e-09 to 1e-09: 1x area
2026-08-15 01:14:44 INFO        | Scaled aladdin_comparator.technology from 40.0 to 45.0: 1.7384615384615385x area
2026-08-15 01:14:44 INFO        | aladdin_comparator area has been scaled 1.7384615384615385x
2026-08-15 01:14:44 INFO        | Multiplying by n_instances 1
2026-08-15 01:14:44 INFO        
2026-08-15 01:14:44 INFO        AREA ESTIMATION for intadder(n_bits=8, precision=8, global_cycle_seconds=1e-09, action_latency_cycles=1, cycle_seconds=1e-09, technology=45nm, n_instances=1)
2026-08-15 01:14:44 INFO        Neurosim Plug-In estimated 46.53936u^2 with accuracy 70%. Messages:
2026-08-15 01:14:44 INFO        | WARN: Non-numeric 45nm for parameter technology. Using 45 instead.
2026-08-15 01:14:44 INFO        | Multiplying by n_instances 1
2026-08-15 01:14:44 INFO        Plug-ins provided accuracy, but failed to estimate:
2026-08-15 01:14:44 INFO        | Aladdin_table with accuracy 70% estimating value: KeyError: 'width'
2026-08-15 01:14:44 INFO        
2026-08-15 01:14:44 INFO        AREA ESTIMATION for aladdin_register(global_cycle_seconds=1e-09, action_latency_cycles=1, cycle_seconds=1e-09, technology=45nm, n_instances=1)
2026-08-15 01:14:44 INFO        Library estimated 10.396u^2 with accuracy 90%. Messages:
2026-08-15 01:14:44 INFO        | Found 4 entries for aladdin_register.
2026-08-15 01:14:44 INFO        | Checking entry "{'technology': '40nm', 'global_cycle_seconds': '1e-9', 'width|datawidth': '1', 'dynamic energy(pJ)': '0.009', 'area(um^2)': '5.98E+00', 'action': 'read', 'name': 'aladdin_register', 'n_instances': 1}
2026-08-15 01:14:44 INFO        | value=5.98, matching_attrs=2, log=['Scaling global_cycle_seconds from 1e-9 to 1e-09', 'Scaling technology from 40nm to 45nm', 'Scaled aladdin_register.global_cycle_seconds from 1e-09 to 1e-09: 1x area', 'Scaled aladdin_register.technology from 40.0 to 45.0: 1.7384615384615385x area', 'aladdin_register area has been scaled 1.7384615384615385x']
2026-08-15 01:14:44 INFO        | Checking entry "{'technology': '40nm', 'global_cycle_seconds': '1e-9', 'width|datawidth': '1', 'dynamic energy(pJ)': '0', 'area(um^2)': '5.98E+00', 'action': 'write', 'name': 'aladdin_register', 'n_instances': 1}
2026-08-15 01:14:44 INFO        | value=5.98, matching_attrs=2, log=['Scaling global_cycle_seconds from 1e-9 to 1e-09', 'Scaling technology from 40nm to 45nm', 'Scaled aladdin_register.global_cycle_seconds from 1e-09 to 1e-09: 1x area', 'Scaled aladdin_register.technology from 40.0 to 45.0: 1.7384615384615385x area', 'aladdin_register area has been scaled 1.7384615384615385x']
2026-08-15 01:14:44 INFO        | Checking entry "{'technology': '40nm', 'global_cycle_seconds': '1e-9', 'width|datawidth': '1', 'dynamic energy(pJ)': '0', 'area(um^2)': '5.98E+00', 'action': 'leak', 'name': 'aladdin_register', 'n_instances': 1}
2026-08-15 01:14:44 INFO        | value=5.98, matching_attrs=2, log=['Scaling global_cycle_seconds from 1e-9 to 1e-09', 'Scaling technology from 40nm to 45nm', 'Scaled aladdin_register.global_cycle_seconds from 1e-09 to 1e-09: 1x area', 'Scaled aladdin_register.technology from 40.0 to 45.0: 1.7384615384615385x area', 'aladdin_register area has been scaled 1.7384615384615385x']
2026-08-15 01:14:44 INFO        | Checking entry "{'technology': '40nm', 'global_cycle_seconds': '1e-9', 'width|datawidth': '1', 'dynamic energy(pJ)': '0', 'area(um^2)': '5.98E+00', 'action': 'update', 'name': 'aladdin_register', 'n_instances': 1}
2026-08-15 01:14:44 INFO        | value=5.98, matching_attrs=2, log=['Scaling global_cycle_seconds from 1e-9 to 1e-09', 'Scaling technology from 40nm to 45nm', 'Scaled aladdin_register.global_cycle_seconds from 1e-09 to 1e-09: 1x area', 'Scaled aladdin_register.technology from 40.0 to 45.0: 1.7384615384615385x area', 'aladdin_register area has been scaled 1.7384615384615385x']
2026-08-15 01:14:44 INFO        | Best-matching entry: {'technology': '40nm', 'global_cycle_seconds': '1e-9', 'width|datawidth': '1', 'dynamic energy(pJ)': '0.009', 'area(um^2)': '5.98E+00', 'action': 'read', 'name': 'aladdin_register', 'n_instances': 1}
2026-08-15 01:14:44 INFO        | Scaling global_cycle_seconds from 1e-9 to 1e-09
2026-08-15 01:14:44 INFO        | Scaling technology from 40nm to 45nm
2026-08-15 01:14:44 INFO        | Scaled aladdin_register.global_cycle_seconds from 1e-09 to 1e-09: 1x area
2026-08-15 01:14:44 INFO        | Scaled aladdin_register.technology from 40.0 to 45.0: 1.7384615384615385x area
2026-08-15 01:14:44 INFO        | aladdin_register area has been scaled 1.7384615384615385x
2026-08-15 01:14:44 INFO        | Multiplying by n_instances 1
2026-08-15 01:14:44 INFO        
2026-08-15 01:14:44 INFO        AREA ESTIMATION for aladdin_comparator(n_bits=6, global_cycle_seconds=1e-09, action_latency_cycles=1, cycle_seconds=1e-09, technology=45nm, n_instances=1)
2026-08-15 01:14:44 INFO        Library estimated 123.43076923076923u^2 with accuracy 90%. Messages:
2026-08-15 01:14:44 INFO        | Found 5 entries for aladdin_comparator.
2026-08-15 01:14:44 INFO        | Checking entry "{'technology': '40nm', 'global_cycle_seconds': '1e-9', 'width|datawidth': '32', 'energy(pJ)': '0.02947', 'area(um^2)': '71', 'action': 'compare', 'name': 'aladdin_comparator', 'n_instances': 1}
2026-08-15 01:14:44 INFO        | value=71.0, matching_attrs=2, log=['Scaling global_cycle_seconds from 1e-9 to 1e-09', 'Scaling technology from 40nm to 45nm', 'Scaled aladdin_comparator.global_cycle_seconds from 1e-09 to 1e-09: 1x area', 'Scaled aladdin_comparator.technology from 40.0 to 45.0: 1.7384615384615385x area', 'aladdin_comparator area has been scaled 1.7384615384615385x']
2026-08-15 01:14:44 INFO        | Checking entry "{'technology': '40nm', 'global_cycle_seconds': '1e-9', 'width|datawidth': '32', 'energy(pJ)': '0.02947', 'area(um^2)': '71', 'action': 'read', 'name': 'aladdin_comparator', 'n_instances': 1}
2026-08-15 01:14:44 INFO        | value=71.0, matching_attrs=2, log=['Scaling global_cycle_seconds from 1e-9 to 1e-09', 'Scaling technology from 40nm to 45nm', 'Scaled aladdin_comparator.global_cycle_seconds from 1e-09 to 1e-09: 1x area', 'Scaled aladdin_comparator.technology from 40.0 to 45.0: 1.7384615384615385x area', 'aladdin_comparator area has been scaled 1.7384615384615385x']
2026-08-15 01:14:44 INFO        | Checking entry "{'technology': '40nm', 'global_cycle_seconds': '1e-9', 'width|datawidth': '32', 'energy(pJ)': '2.51E-05', 'area(um^2)': '71', 'action': 'leak', 'name': 'aladdin_comparator', 'n_instances': 1}
2026-08-15 01:14:44 INFO        | value=71.0, matching_attrs=2, log=['Scaling global_cycle_seconds from 1e-9 to 1e-09', 'Scaling technology from 40nm to 45nm', 'Scaled aladdin_comparator.global_cycle_seconds from 1e-09 to 1e-09: 1x area', 'Scaled aladdin_comparator.technology from 40.0 to 45.0: 1.7384615384615385x area', 'aladdin_comparator area has been scaled 1.7384615384615385x']
2026-08-15 01:14:44 INFO        | Checking entry "{'technology': '40nm', 'global_cycle_seconds': '1e-9', 'width|datawidth': '32', 'energy(pJ)': '0', 'area(um^2)': '71', 'action': 'update', 'name': 'aladdin_comparator', 'n_instances': 1}
2026-08-15 01:14:44 INFO        | value=71.0, matching_attrs=2, log=['Scaling global_cycle_seconds from 1e-9 to 1e-09', 'Scaling technology from 40nm to 45nm', 'Scaled aladdin_comparator.global_cycle_seconds from 1e-09 to 1e-09: 1x area', 'Scaled aladdin_comparator.technology from 40.0 to 45.0: 1.7384615384615385x area', 'aladdin_comparator area has been scaled 1.7384615384615385x']
2026-08-15 01:14:44 INFO        | Checking entry "{'technology': '40nm', 'global_cycle_seconds': '1e-9', 'width|datawidth': '32', 'energy(pJ)': '0', 'area(um^2)': '71', 'action': 'write', 'name': 'aladdin_comparator', 'n_instances': 1}
2026-08-15 01:14:44 INFO        | value=71.0, matching_attrs=2, log=['Scaling global_cycle_seconds from 1e-9 to 1e-09', 'Scaling technology from 40nm to 45nm', 'Scaled aladdin_comparator.global_cycle_seconds from 1e-09 to 1e-09: 1x area', 'Scaled aladdin_comparator.technology from 40.0 to 45.0: 1.7384615384615385x area', 'aladdin_comparator area has been scaled 1.7384615384615385x']
2026-08-15 01:14:44 INFO        | Best-matching entry: {'technology': '40nm', 'global_cycle_seconds': '1e-9', 'width|datawidth': '32', 'energy(pJ)': '0.02947', 'area(um^2)': '71', 'action': 'compare', 'name': 'aladdin_comparator', 'n_instances': 1}
2026-08-15 01:14:44 INFO        | Scaling global_cycle_seconds from 1e-9 to 1e-09
2026-08-15 01:14:44 INFO        | Scaling technology from 40nm to 45nm
2026-08-15 01:14:44 INFO        | Scaled aladdin_comparator.global_cycle_seconds from 1e-09 to 1e-09: 1x area
2026-08-15 01:14:44 INFO        | Scaled aladdin_comparator.technology from 40.0 to 45.0: 1.7384615384615385x area
2026-08-15 01:14:44 INFO        | aladdin_comparator area has been scaled 1.7384615384615385x
2026-08-15 01:14:44 INFO        | Multiplying by n_instances 1
2026-08-15 01:14:44 INFO        
2026-08-15 01:14:44 INFO        AREA ESTIMATION for intadder(n_bits=4, precision=4, global_cycle_seconds=1e-09, action_latency_cycles=1, cycle_seconds=1e-09, technology=45nm, n_instances=1)
2026-08-15 01:14:44 INFO        Neurosim Plug-In estimated 23.26968u^2 with accuracy 70%. Messages:
2026-08-15 01:14:44 INFO        | WARN: Non-numeric 45nm for parameter technology. Using 45 instead.
2026-08-15 01:14:44 INFO        | Multiplying by n_instances 1
2026-08-15 01:14:44 INFO        Plug-ins provided accuracy, but failed to estimate:
2026-08-15 01:14:44 INFO        | Aladdin_table with accuracy 70% estimating value: KeyError: 'width'
2026-08-15 01:14:44 INFO        
2026-08-15 01:14:44 INFO        AREA ESTIMATION for aladdin_adder(width=16, global_cycle_seconds=1e-09, action_latency_cycles=1, cycle_seconds=1e-09, technology=45nm, n_instances=1)
2026-08-15 01:14:44 INFO        Library estimated 241.64615384615385u^2 with accuracy 90%. Messages:
2026-08-15 01:14:44 INFO        | Found 5 entries for aladdin_adder.
2026-08-15 01:14:44 INFO        | Checking entry "{'technology': '40nm', 'global_cycle_seconds': '1e-9', 'width|datawidth': '32', 'energy': '0.21', 'area': '2.78E+02', 'action': 'add', 'name': 'aladdin_adder', 'n_instances': 1}
2026-08-15 01:14:44 INFO        | value=278.0, matching_attrs=2, log=['Scaling width from 32 to 16', 'Scaling global_cycle_seconds from 1e-9 to 1e-09', 'Scaling technology from 40nm to 45nm', 'Scaled aladdin_adder.width from 32.0 to 16.0: 0.5x area', 'Scaled aladdin_adder.global_cycle_seconds from 1e-09 to 1e-09: 1x area', 'Scaled aladdin_adder.technology from 40.0 to 45.0: 1.7384615384615385x area', 'aladdin_adder area has been scaled 0.8692307692307693x']
2026-08-15 01:14:44 INFO        | Checking entry "{'technology': '40nm', 'global_cycle_seconds': '1e-9', 'width|datawidth': '32', 'energy': '0.21', 'area': '2.78E+02', 'action': 'read', 'name': 'aladdin_adder', 'n_instances': 1}
2026-08-15 01:14:44 INFO        | value=278.0, matching_attrs=2, log=['Scaling width from 32 to 16', 'Scaling global_cycle_seconds from 1e-9 to 1e-09', 'Scaling technology from 40nm to 45nm', 'Scaled aladdin_adder.width from 32.0 to 16.0: 0.5x area', 'Scaled aladdin_adder.global_cycle_seconds from 1e-09 to 1e-09: 1x area', 'Scaled aladdin_adder.technology from 40.0 to 45.0: 1.7384615384615385x area', 'aladdin_adder area has been scaled 0.8692307692307693x']
2026-08-15 01:14:44 INFO        | Checking entry "{'technology': '40nm', 'global_cycle_seconds': '1e-9', 'width|datawidth': '32', 'energy': '0.0024', 'area': '2.78E+02', 'action': 'leak', 'name': 'aladdin_adder', 'n_instances': 1}
2026-08-15 01:14:44 INFO        | value=278.0, matching_attrs=2, log=['Scaling width from 32 to 16', 'Scaling global_cycle_seconds from 1e-9 to 1e-09', 'Scaling technology from 40nm to 45nm', 'Scaled aladdin_adder.width from 32.0 to 16.0: 0.5x area', 'Scaled aladdin_adder.global_cycle_seconds from 1e-09 to 1e-09: 1x area', 'Scaled aladdin_adder.technology from 40.0 to 45.0: 1.7384615384615385x area', 'aladdin_adder area has been scaled 0.8692307692307693x']
2026-08-15 01:14:44 INFO        | Checking entry "{'technology': '40nm', 'global_cycle_seconds': '1e-9', 'width|datawidth': '32', 'energy': '0', 'area': '2.78E+02', 'action': 'update', 'name': 'aladdin_adder', 'n_instances': 1}
2026-08-15 01:14:44 INFO        | value=278.0, matching_attrs=2, log=['Scaling width from 32 to 16', 'Scaling global_cycle_seconds from 1e-9 to 1e-09', 'Scaling technology from 40nm to 45nm', 'Scaled aladdin_adder.width from 32.0 to 16.0: 0.5x area', 'Scaled aladdin_adder.global_cycle_seconds from 1e-09 to 1e-09: 1x area', 'Scaled aladdin_adder.technology from 40.0 to 45.0: 1.7384615384615385x area', 'aladdin_adder area has been scaled 0.8692307692307693x']
2026-08-15 01:14:44 INFO        | Checking entry "{'technology': '40nm', 'global_cycle_seconds': '1e-9', 'width|datawidth': '32', 'energy': '0', 'area': '2.78E+02', 'action': 'write', 'name': 'aladdin_adder', 'n_instances': 1}
2026-08-15 01:14:44 INFO        | value=278.0, matching_attrs=2, log=['Scaling width from 32 to 16', 'Scaling global_cycle_seconds from 1e-9 to 1e-09', 'Scaling technology from 40nm to 45nm', 'Scaled aladdin_adder.width from 32.0 to 16.0: 0.5x area', 'Scaled aladdin_adder.global_cycle_seconds from 1e-09 to 1e-09: 1x area', 'Scaled aladdin_adder.technology from 40.0 to 45.0: 1.7384615384615385x area', 'aladdin_adder area has been scaled 0.8692307692307693x']
2026-08-15 01:14:44 INFO        | Best-matching entry: {'technology': '40nm', 'global_cycle_seconds': '1e-9', 'width|datawidth': '32', 'energy': '0.21', 'area': '2.78E+02', 'action': 'add', 'name': 'aladdin_adder', 'n_instances': 1}
2026-08-15 01:14:44 INFO        | Scaling width from 32 to 16
2026-08-15 01:14:44 INFO        | Scaling global_cycle_seconds from 1e-9 to 1e-09
2026-08-15 01:14:44 INFO        | Scaling technology from 40nm to 45nm
2026-08-15 01:14:44 INFO        | Scaled aladdin_adder.width from 32.0 to 16.0: 0.5x area
2026-08-15 01:14:44 INFO        | Scaled aladdin_adder.global_cycle_seconds from 1e-09 to 1e-09: 1x area
2026-08-15 01:14:44 INFO        | Scaled aladdin_adder.technology from 40.0 to 45.0: 1.7384615384615385x area
2026-08-15 01:14:44 INFO        | aladdin_adder area has been scaled 0.8692307692307693x
2026-08-15 01:14:44 INFO        | Multiplying by n_instances 1
2026-08-15 01:14:44 INFO        
2026-08-15 01:14:44 INFO        AREA ESTIMATION for aladdin_adder(width_a=8, width_b=8, global_cycle_seconds=1e-09, action_latency_cycles=1, cycle_seconds=1e-09, technology=45nm, n_instances=1)
2026-08-15 01:14:44 INFO        Library estimated 483.2923076923077u^2 with accuracy 90%. Messages:
2026-08-15 01:14:44 INFO        | Found 5 entries for aladdin_adder.
2026-08-15 01:14:44 INFO        | Checking entry "{'technology': '40nm', 'global_cycle_seconds': '1e-9', 'width|datawidth': '32', 'energy': '0.21', 'area': '2.78E+02', 'action': 'add', 'name': 'aladdin_adder', 'n_instances': 1}
2026-08-15 01:14:44 INFO        | value=278.0, matching_attrs=2, log=['Scaling global_cycle_seconds from 1e-9 to 1e-09', 'Scaling technology from 40nm to 45nm', 'Scaled aladdin_adder.global_cycle_seconds from 1e-09 to 1e-09: 1x area', 'Scaled aladdin_adder.technology from 40.0 to 45.0: 1.7384615384615385x area', 'aladdin_adder area has been scaled 1.7384615384615385x']
2026-08-15 01:14:44 INFO        | Checking entry "{'technology': '40nm', 'global_cycle_seconds': '1e-9', 'width|datawidth': '32', 'energy': '0.21', 'area': '2.78E+02', 'action': 'read', 'name': 'aladdin_adder', 'n_instances': 1}
2026-08-15 01:14:44 INFO        | value=278.0, matching_attrs=2, log=['Scaling global_cycle_seconds from 1e-9 to 1e-09', 'Scaling technology from 40nm to 45nm', 'Scaled aladdin_adder.global_cycle_seconds from 1e-09 to 1e-09: 1x area', 'Scaled aladdin_adder.technology from 40.0 to 45.0: 1.7384615384615385x area', 'aladdin_adder area has been scaled 1.7384615384615385x']
2026-08-15 01:14:44 INFO        | Checking entry "{'technology': '40nm', 'global_cycle_seconds': '1e-9', 'width|datawidth': '32', 'energy': '0.0024', 'area': '2.78E+02', 'action': 'leak', 'name': 'aladdin_adder', 'n_instances': 1}
2026-08-15 01:14:44 INFO        | value=278.0, matching_attrs=2, log=['Scaling global_cycle_seconds from 1e-9 to 1e-09', 'Scaling technology from 40nm to 45nm', 'Scaled aladdin_adder.global_cycle_seconds from 1e-09 to 1e-09: 1x area', 'Scaled aladdin_adder.technology from 40.0 to 45.0: 1.7384615384615385x area', 'aladdin_adder area has been scaled 1.7384615384615385x']
2026-08-15 01:14:44 INFO        | Checking entry "{'technology': '40nm', 'global_cycle_seconds': '1e-9', 'width|datawidth': '32', 'energy': '0', 'area': '2.78E+02', 'action': 'update', 'name': 'aladdin_adder', 'n_instances': 1}
2026-08-15 01:14:44 INFO        | value=278.0, matching_attrs=2, log=['Scaling global_cycle_seconds from 1e-9 to 1e-09', 'Scaling technology from 40nm to 45nm', 'Scaled aladdin_adder.global_cycle_seconds from 1e-09 to 1e-09: 1x area', 'Scaled aladdin_adder.technology from 40.0 to 45.0: 1.7384615384615385x area', 'aladdin_adder area has been scaled 1.7384615384615385x']
2026-08-15 01:14:44 INFO        | Checking entry "{'technology': '40nm', 'global_cycle_seconds': '1e-9', 'width|datawidth': '32', 'energy': '0', 'area': '2.78E+02', 'action': 'write', 'name': 'aladdin_adder', 'n_instances': 1}
2026-08-15 01:14:44 INFO        | value=278.0, matching_attrs=2, log=['Scaling global_cycle_seconds from 1e-9 to 1e-09', 'Scaling technology from 40nm to 45nm', 'Scaled aladdin_adder.global_cycle_seconds from 1e-09 to 1e-09: 1x area', 'Scaled aladdin_adder.technology from 40.0 to 45.0: 1.7384615384615385x area', 'aladdin_adder area has been scaled 1.7384615384615385x']
2026-08-15 01:14:44 INFO        | Best-matching entry: {'technology': '40nm', 'global_cycle_seconds': '1e-9', 'width|datawidth': '32', 'energy': '0.21', 'area': '2.78E+02', 'action': 'add', 'name': 'aladdin_adder', 'n_instances': 1}
2026-08-15 01:14:44 INFO        | Scaling global_cycle_seconds from 1e-9 to 1e-09
2026-08-15 01:14:44 INFO        | Scaling technology from 40nm to 45nm
2026-08-15 01:14:44 INFO        | Scaled aladdin_adder.global_cycle_seconds from 1e-09 to 1e-09: 1x area
2026-08-15 01:14:44 INFO        | Scaled aladdin_adder.technology from 40.0 to 45.0: 1.7384615384615385x area
2026-08-15 01:14:44 INFO        | aladdin_adder area has been scaled 1.7384615384615385x
2026-08-15 01:14:44 INFO        | Multiplying by n_instances 1
2026-08-15 01:14:44 INFO        flattened architecture is saved to:
2026-08-15 01:14:44 INFO        ./timeloop-model.flattened_architecture.yaml
2026-08-15 01:14:44 INFO        energy reference table is saved to:
2026-08-15 01:14:44 INFO        ./timeloop-model.ERT.yaml
2026-08-15 01:14:44 INFO        energy reference table summary is saved to:
2026-08-15 01:14:44 INFO        ./timeloop-model.ERT_summary.yaml
2026-08-15 01:14:44 WARNING     no runtime energy estimations are generated... not generating energy_estimation.yaml
2026-08-15 01:14:44 INFO        area reference table is saved to:
2026-08-15 01:14:44 INFO        ./timeloop-model.ART.yaml
2026-08-15 01:14:44 INFO        area reference table summary is saved to:
2026-08-15 01:14:44 INFO        ./timeloop-model.ART_summary.yaml
